{
  "episode_rewards": [
    29.172734369863996,
    30.90006082604857,
    30.851891064424695,
    38.484053235019694,
    32.76545054799672,
    29.417260544251796,
    30.907568565719163,
    44.823405711651155,
    33.84767424321483,
    34.52414454591211,
    32.44350993341678,
    31.341357565349472,
    38.35967210542046,
    34.08840634829091,
    80.98856490075978,
    32.542426450128254,
    119.62540783059417,
    60.73927850029996,
    77.56240860715253,
    152.18173727398096,
    296.9496543161478,
    400.8319009681825,
    480.6061391682089,
    52.16105914198648,
    524.4438640913058,
    626.9063754107593,
    684.6767345537095,
    655.6677121314134,
    382.9547778443506,
    641.4701524637981,
    659.8985666379492,
    737.8070794013751,
    685.6786245855764,
    712.0773291736213,
    736.090416360941,
    785.7883623012838,
    801.545597563175,
    801.9309089699881,
    923.8232777571632,
    972.3718819216954,
    885.8933086263726,
    942.0614693463705,
    967.3632751678443,
    942.8705019280025,
    941.4550168843316,
    950.5831994373164,
    964.7478593702335,
    967.5797170587459,
    946.5064922892752,
    929.4139552301896,
    944.1233416191199,
    635.0469812594846,
    939.7025605764878,
    967.047556387778,
    967.2167558242235,
    963.2940662439287,
    967.3646006200132,
    944.6968869786205,
    952.9092376944067,
    943.7024797858404,
    961.616855999513,
    955.9910590276103,
    952.4106324209397,
    986.2173612261878,
    930.9975655014073,
    932.9317899945743,
    921.5060907999977,
    938.9011278519366,
    944.6233239523546,
    978.4476028661586,
    971.236546878563,
    951.7247096725836,
    965.643343845425,
    980.5146804362041,
    962.9384078931914,
    967.2313220890547,
    963.147111487452,
    971.7441782474534,
    963.0158923194631,
    960.831336944504,
    964.0748860180931,
    966.4020510447067,
    968.8449992339854,
    965.9471957744902,
    949.4784439585495,
    949.9812436242189,
    956.5248897055585,
    966.3417588421128,
    973.6934952878044,
    967.8809240129549,
    977.1482622758434,
    957.752828391979,
    903.3743579672513,
    945.773186553445,
    925.9298583762375,
    946.9068248827879,
    963.1449291031995,
    964.0587443632189,
    959.164071469539,
    988.8757062823641
  ],
  "episode_costs": [
    991.0,
    990.0,
    990.0,
    991.0,
    991.0,
    987.0,
    989.0,
    984.0,
    990.0,
    990.0,
    991.0,
    992.0,
    991.0,
    989.0,
    985.0,
    990.0,
    992.0,
    991.0,
    990.0,
    922.0,
    756.0,
    640.0,
    578.0,
    989.0,
    436.0,
    415.0,
    381.0,
    364.0,
    630.0,
    425.0,
    348.0,
    292.0,
    347.0,
    352.0,
    303.0,
    282.0,
    245.0,
    223.0,
    50.0,
    0.0,
    118.0,
    55.0,
    25.0,
    31.0,
    60.0,
    49.0,
    26.0,
    25.0,
    59.0,
    41.0,
    8.0,
    370.0,
    48.0,
    26.0,
    25.0,
    26.0,
    24.0,
    54.0,
    32.0,
    55.0,
    32.0,
    32.0,
    48.0,
    0.0,
    61.0,
    67.0,
    73.0,
    39.0,
    38.0,
    2.0,
    14.0,
    32.0,
    29.0,
    0.0,
    25.0,
    26.0,
    20.0,
    19.0,
    29.0,
    30.0,
    26.0,
    24.0,
    24.0,
    28.0,
    43.0,
    27.0,
    34.0,
    26.0,
    9.0,
    25.0,
    16.0,
    36.0,
    103.0,
    55.0,
    67.0,
    48.0,
    28.0,
    27.0,
    44.0,
    0.0
  ],
  "diffhz_log": [
    [
      10000,
      0.977,
      0.9761711955070496
    ],
    [
      20000,
      0.9595,
      0.9587910771369934
    ],
    [
      30000,
      0.89,
      0.889333963394165
    ],
    [
      40000,
      0.8115,
      0.8109382390975952
    ],
    [
      50000,
      0.85,
      0.8492830991744995
    ],
    [
      60000,
      0.855,
      0.854199230670929
    ],
    [
      70000,
      0.8505,
      0.8496805429458618
    ],
    [
      80000,
      0.856,
      0.855014443397522
    ],
    [
      90000,
      0.857,
      0.8561381697654724
    ],
    [
      100000,
      0.85,
      0.8488979935646057
    ]
  ],
  "lambda_log": [
    [
      999,
      0.0
    ],
    [
      1999,
      0.0
    ],
    [
      2999,
      0.0
    ],
    [
      3999,
      0.0
    ],
    [
      4999,
      0.0
    ],
    [
      5999,
      0.0
    ],
    [
      6999,
      0.0
    ],
    [
      7999,
      0.0
    ],
    [
      8999,
      0.0
    ],
    [
      9999,
      0.0
    ],
    [
      10999,
      0.0
    ],
    [
      11999,
      0.0
    ],
    [
      12999,
      0.0
    ],
    [
      13999,
      0.0
    ],
    [
      14999,
      0.0
    ],
    [
      15999,
      0.0
    ],
    [
      16999,
      0.0
    ],
    [
      17999,
      0.0
    ],
    [
      18999,
      0.0
    ],
    [
      19999,
      0.0
    ],
    [
      20999,
      0.0
    ],
    [
      21999,
      0.0
    ],
    [
      22999,
      0.0
    ],
    [
      23999,
      0.0
    ],
    [
      24999,
      0.0
    ],
    [
      25999,
      0.0
    ],
    [
      26999,
      0.0
    ],
    [
      27999,
      0.0
    ],
    [
      28999,
      0.0
    ],
    [
      29999,
      0.0
    ],
    [
      30999,
      0.0
    ],
    [
      31999,
      0.0
    ],
    [
      32999,
      0.0
    ],
    [
      33999,
      0.0
    ],
    [
      34999,
      0.0
    ],
    [
      35999,
      0.0
    ],
    [
      36999,
      0.0
    ],
    [
      37999,
      0.0
    ],
    [
      38999,
      0.0
    ],
    [
      39999,
      0.0
    ],
    [
      40999,
      0.0
    ],
    [
      41999,
      0.0
    ],
    [
      42999,
      0.0
    ],
    [
      43999,
      0.0
    ],
    [
      44999,
      0.0
    ],
    [
      45999,
      0.0
    ],
    [
      46999,
      0.0
    ],
    [
      47999,
      0.0
    ],
    [
      48999,
      0.0
    ],
    [
      49999,
      0.0
    ],
    [
      50999,
      0.0
    ],
    [
      51999,
      0.0
    ],
    [
      52999,
      0.0
    ],
    [
      53999,
      0.0
    ],
    [
      54999,
      0.0
    ],
    [
      55999,
      0.0
    ],
    [
      56999,
      0.0
    ],
    [
      57999,
      0.0
    ],
    [
      58999,
      0.0
    ],
    [
      59999,
      0.0
    ],
    [
      60999,
      0.0
    ],
    [
      61999,
      0.0
    ],
    [
      62999,
      0.0
    ],
    [
      63999,
      0.0
    ],
    [
      64999,
      0.0
    ],
    [
      65999,
      0.0
    ],
    [
      66999,
      0.0
    ],
    [
      67999,
      0.0
    ],
    [
      68999,
      0.0
    ],
    [
      69999,
      0.0
    ],
    [
      70999,
      0.0
    ],
    [
      71999,
      0.0
    ],
    [
      72999,
      0.0
    ],
    [
      73999,
      0.0
    ],
    [
      74999,
      0.0
    ],
    [
      75999,
      0.0
    ],
    [
      76999,
      0.0
    ],
    [
      77999,
      0.0
    ],
    [
      78999,
      0.0
    ],
    [
      79999,
      0.0
    ],
    [
      80999,
      0.0
    ],
    [
      81999,
      0.0
    ],
    [
      82999,
      0.0
    ],
    [
      83999,
      0.0
    ],
    [
      84999,
      0.0
    ],
    [
      85999,
      0.0
    ],
    [
      86999,
      0.0
    ],
    [
      87999,
      0.0
    ],
    [
      88999,
      0.0
    ],
    [
      89999,
      0.0
    ],
    [
      90999,
      0.0
    ],
    [
      91999,
      0.0
    ],
    [
      92999,
      0.0
    ],
    [
      93999,
      0.0
    ],
    [
      94999,
      0.0
    ],
    [
      95999,
      0.0
    ],
    [
      96999,
      0.0
    ],
    [
      97999,
      0.0
    ],
    [
      98999,
      0.0
    ],
    [
      99999,
      0.0
    ]
  ],
  "seed": 42,
  "env_name": "walker-walk-v0",
  "use_rare_buffer": false,
  "use_lagrangian": false,
  "velocity_threshold": 3.0,
  "height_threshold": 1.0,
  "method": "pgr",
  "total_steps": 100001,
  "complete": true
}