{
  "episode_rewards": [
    35.29082529742229,
    38.591460225709646,
    33.335006660592114,
    29.957358021933185,
    35.11081325633473,
    36.7205936853403,
    35.01690626341028,
    33.865885946152794,
    43.44476009832979,
    36.749489636545235,
    46.43977499873125,
    96.74523015866946,
    80.30260208898542,
    32.05654607535873,
    34.80294560213865,
    63.520005001504934,
    111.3538543929492,
    223.956740457449,
    163.16100365652846,
    166.37919052710728,
    261.52647060213866,
    354.53044031002185,
    257.81735335900686,
    225.56080232269602,
    207.66604270011308,
    152.4515534478493,
    167.82292318717066,
    184.9821025710578,
    161.93434212201225,
    178.46993887553623,
    206.97942916529928,
    166.93961190636531,
    174.23992128919778,
    166.0941774503102,
    215.86727399658844,
    174.97127367798112,
    167.91998725859835,
    171.90123194281009,
    230.4285600879781,
    200.57277145385302,
    218.95193949007663,
    211.59435598523316,
    215.90806387513607,
    173.75452347847403,
    178.19598129762645,
    200.08806332799844,
    265.4447845356679,
    314.7369546979735,
    189.0615547781716,
    174.4200010918013,
    185.01914092957782,
    197.14862554001522,
    173.1764981196771,
    201.86226487484444,
    177.46760035116029,
    216.47123387868092,
    205.09008234957525,
    215.27048982427715,
    177.8502814735481,
    207.21528837880865,
    181.94531401614123,
    206.70853589178543,
    179.08061752388147,
    194.44656719885114,
    160.50580009713246,
    195.44877135221884,
    181.81004170403986,
    168.55872294726547,
    191.32114549678798,
    187.0316684374759,
    188.1685831766387,
    183.85122032228435,
    210.88583606852163,
    223.73755218882178,
    201.72555812335855,
    194.69656841163177,
    178.82519425802462,
    187.4242376005362,
    196.5033152454823,
    253.00690572885293,
    227.98034225417825,
    191.0168589723479,
    205.10587210732476,
    193.8258167498025,
    214.35173494526373,
    211.52860634529165,
    185.96549670913848,
    192.97480278975496,
    203.90661481515355,
    240.87653306484032,
    194.73019341895278,
    191.92373284475218,
    192.1278649189947,
    204.41975419605996,
    237.21572614647144,
    200.51487712024775,
    207.2915186562758,
    202.2750536961052,
    214.57152898427847,
    204.9472784165385
  ],
  "episode_costs": [
    990.0,
    991.0,
    991.0,
    991.0,
    990.0,
    994.0,
    992.0,
    992.0,
    995.0,
    992.0,
    991.0,
    951.0,
    991.0,
    990.0,
    988.0,
    990.0,
    879.0,
    740.0,
    818.0,
    835.0,
    667.0,
    200.0,
    169.0,
    100.0,
    69.0,
    73.0,
    49.0,
    35.0,
    59.0,
    86.0,
    108.0,
    27.0,
    0.0,
    223.0,
    37.0,
    42.0,
    176.0,
    11.0,
    50.0,
    33.0,
    75.0,
    73.0,
    65.0,
    30.0,
    32.0,
    0.0,
    58.0,
    130.0,
    29.0,
    0.0,
    1.0,
    30.0,
    58.0,
    77.0,
    30.0,
    26.0,
    0.0,
    30.0,
    25.0,
    27.0,
    26.0,
    53.0,
    39.0,
    30.0,
    68.0,
    26.0,
    30.0,
    0.0,
    0.0,
    28.0,
    0.0,
    26.0,
    83.0,
    25.0,
    57.0,
    0.0,
    26.0,
    0.0,
    25.0,
    84.0,
    6.0,
    32.0,
    42.0,
    22.0,
    23.0,
    0.0,
    67.0,
    0.0,
    23.0,
    25.0,
    0.0,
    23.0,
    32.0,
    29.0,
    38.0,
    0.0,
    35.0,
    23.0,
    26.0,
    27.0
  ],
  "diffhz_log": [
    [
      10000,
      0.9865,
      0.9857438802719116
    ],
    [
      20000,
      0.874,
      0.8736711144447327
    ],
    [
      30000,
      0.7935,
      0.7927785515785217
    ],
    [
      40000,
      0.8055,
      0.8046944737434387
    ],
    [
      50000,
      0.7385,
      0.738089382648468
    ],
    [
      60000,
      0.733,
      0.7325763702392578
    ],
    [
      70000,
      0.737,
      0.736393928527832
    ],
    [
      80000,
      0.7165,
      0.7159112691879272
    ],
    [
      90000,
      0.695,
      0.6942986845970154
    ],
    [
      100000,
      0.6895,
      0.6887189149856567
    ]
  ],