{
  "episode_rewards": [
    28.037424285529713,
    31.089525086839267,
    28.551366305510612,
    34.40465599005149,
    32.96677555796392,
    31.46455214812088,
    21.59897878534292,
    28.399506581731206,
    46.05640258415028,
    19.252960970626123,
    28.738145321260077,
    59.7509414011864,
    63.54565566949039,
    21.683942767590786,
    40.67769398003598,
    139.64694798626323,
    79.89401934069498,
    170.44268784589724,
    100.28213055749006,
    180.5131122064174,
    136.01581220574886,
    115.79360598709559,
    226.6788672658007,
    144.13864053582932,
    170.0634699250295,
    156.07763052117684,
    166.33422303228753,
    133.68758454100907,
    142.94286631641546,
    159.45762128678953,
    139.0678000113935,
    129.26966788527656,
    138.07915301743478,
    112.78896682930119,
    129.62757094664997,
    154.40152683690354,
    163.81451241795122,
    163.28819992399485,
    170.40071277229669,
    134.57439587574976,
    132.65617635282743,
    149.12272648619378,
    160.48602913904207,
    131.32053743912437,
    135.16109495762967,
    131.41807213235606,
    132.38021755109745,
    130.74439412996838,
    131.13112195938845,
    136.9654560395012,
    134.43592333436712,
    130.66719796149783,
    142.5080317708326,
    158.46932663331208,
    149.7756072752611,
    145.2326404266458,
    156.43988073969484,
    151.34868399921285,
    143.67451966393165,
    134.97288252417547,
    132.38997613880457,
    150.19423538604053,
    141.5250167983501,
    150.07171525323685,
    131.52139427602182,
    149.9242867950715,
    143.64006327326712,
    130.38266295070514,
    149.28699738227357,
    140.4459570999208,
    139.144194608592,
    139.0327822802878,
    140.01965178062034,
    147.5767222172049,
    155.73976456000204,
    162.03451972429724,
    150.2037275745193,
    145.82790434277555,
    142.69837723509565,
    150.38180759820295,
    154.60553207411942,
    130.69799906139392,
    152.1979305553193,
    136.79605488220182,
    146.32664805992562,
    145.17034392460945,
    134.64291967834518,
    137.83641612287985,
    138.82034948474148,
    134.2374777248941,
    132.71592455846522,
    141.72198137253017,
    142.2347168826521,
    142.48695076247498,
    147.1393424500491,
    147.85483664775765,
    149.97103950597622,
    140.95963310551716,
    144.30441235398894,
    140.11067314200073
  ],
  "episode_costs": [
    991.0,
    991.0,
    991.0,
    990.0,
    991.0,
    993.0,
    992.0,
    991.0,
    990.0,
    989.0,
    990.0,
    972.0,
    990.0,
    991.0,
    941.0,
    910.0,
    934.0,
    764.0,
    787.0,
    259.0,
    300.0,
    892.0,
    678.0,
    113.0,
    629.0,
    767.0,
    673.0,
    98.0,
    224.0,
    117.0,
    130.0,
    106.0,
    14.0,
    893.0,
    397.0,
    95.0,
    43.0,
    286.0,
    164.0,
    80.0,
    29.0,
    106.0,
    26.0,
    28.0,
    116.0,
    31.0,
    49.0,
    80.0,
    71.0,
    72.0,
    2.0,
    31.0,
    53.0,
    61.0,
    161.0,
    62.0,
    144.0,
    34.0,
    70.0,
    36.0,
    47.0,
    58.0,
    325.0,
    92.0,
    23.0,
    40.0,
    18.0,
    35.0,
    35.0,
    34.0,
    107.0,
    25.0,
    29.0,
    30.0,
    5.0,
    25.0,
    29.0,
    24.0,
    61.0,
    31.0,
    7.0,
    89.0,
    53.0,
    28.0,
    3.0,
    2.0,
    31.0,
    27.0,
    33.0,
    42.0,
    31.0,
    30.0,
    30.0,
    24.0,
    23.0,
    0.0,
    57.0,
    33.0,
    1.0,
    20.0
  ],
  "diffhz_log": [
    [
      10000,
      0.9815,
      0.9808942675590515
    ],
    [
      20000,
      0.942,
      0.9413608312606812
    ],
    [
      30000,
      0.883,
      0.8823884725570679
    ],
    [
      40000,
      0.879,
      0.8781407475471497
    ],
    [
      50000,
      0.8625,
      0.8616490364074707
    ],
    [
      60000,
      0.8455,
      0.8447083830833435
    ],
    [
      70000,
      0.8345,
      0.8336570858955383
    ],
    [
      80000,
      0.807,
      0.80622398853302
    ],
    [
      90000,
      0.8105,
      0.8098204135894775
    ],
    [
      100000,
      0.8,
      0.7990952134132385
    ]
  ],