{
  "episode_rewards": [
    29.172734369863996,
    30.90006082604857,
    30.851891064424695,
    38.484053235019694,
    32.76545054799672,
    22.771652616149165,
    31.155448331950996,
    42.76951778043843,
    53.19241301620854,
    18.163548322500294,
    24.360013607501845,
    59.50841574535573,
    54.69788173299982,
    52.8172315545943,
    33.351083620808275,
    72.39951051664357,
    131.74830884466158,
    98.12298698280375,
    127.314686724436,
    121.7546300820655,
    161.03607678887604,
    159.08712472171183,
    192.98703785441728,
    177.13825669456264,
    151.5915083440727,
    192.29220022872656,
    188.99324087676305,
    176.2651292791492,
    187.85540994144677,
    191.51451964105746,
    167.53132057071588,
    171.4181805796848,
    164.38062882972872,
    180.33272669674992,
    215.97103986496214,
    177.371776701646,
    186.73510663766254,
    185.20399844619624,
    187.29828920414792,
    189.40332911033275,
    182.94851214477075,
    172.29567748370255,
    210.56397972229402,
    205.5881873718023,
    238.85096910631748,
    253.60697013265244,
    209.6009260804252,
    184.46803316330022,
    184.05941799657455,
    198.82618469616602,
    184.166367548099,
    193.00051675125113,
    188.04009385403816,
    211.98684908509756,
    168.8488790206535,
    181.86781271762914,
    178.1857992245796,
    178.1311510377046,
    193.22893735632056,
    178.26567418644774,
    186.1895051369785,
    188.27003263502215,
    194.71993714319177,
    176.10383689461514,
    200.3705726823068,
    187.70451659771572,
    173.39782651732398,
    189.52713792313807,
    189.0029649470712,
    201.02841290100042,
    213.2750376564542,
    192.42007210083992,
    194.027166585156,
    191.2555009864547,
    182.47066025610062,
    191.33164707432928,
    188.09640998659017,
    189.72235159280655,
    178.56585338966377,
    177.05911127764452,
    175.89659912280408,
    187.13773481646618,
    184.6113597904902,
    177.13067267831457,
    178.03801183038547,
    179.80641519665153,
    183.6064975619458,
    177.2185664972901,
    182.50347056237487,
    176.1808111486636,
    195.8626147292685,
    172.5805556174491,
    181.84368790195765,
    185.10281397344392,
    187.34475827068823,
    177.6761718546268,
    204.55375759406024,
    187.92834675671565,
    191.26566909350487,
    195.02294209300487
  ],
  "episode_costs": [
    991.0,
    990.0,
    990.0,
    991.0,
    991.0,
    988.0,
    989.0,
    990.0,
    991.0,
    992.0,
    990.0,
    973.0,
    985.0,
    929.0,
    969.0,
    892.0,
    834.0,
    760.0,
    809.0,
    685.0,
    584.0,
    151.0,
    57.0,
    28.0,
    430.0,
    62.0,
    0.0,
    67.0,
    78.0,
    311.0,
    34.0,
    60.0,
    173.0,
    49.0,
    137.0,
    0.0,
    32.0,
    35.0,
    151.0,
    49.0,
    27.0,
    30.0,
    40.0,
    111.0,
    82.0,
    59.0,
    45.0,
    58.0,
    27.0,
    82.0,
    0.0,
    28.0,
    28.0,
    24.0,
    25.0,
    34.0,
    28.0,
    24.0,
    30.0,
    25.0,
    29.0,
    31.0,
    28.0,
    275.0,
    23.0,
    28.0,
    38.0,
    38.0,
    30.0,
    0.0,
    32.0,
    24.0,
    32.0,
    27.0,
    49.0,
    24.0,
    27.0,
    29.0,
    28.0,
    31.0,
    26.0,
    25.0,
    25.0,
    36.0,
    27.0,
    25.0,
    34.0,
    23.0,
    27.0,
    48.0,
    15.0,
    48.0,
    32.0,
    39.0,
    32.0,
    38.0,
    24.0,
    32.0,
    28.0,
    24.0
  ],
  "diffhz_log": [
    [
      10000,
      0.9795,
      0.9788089990615845
    ],
    [
      20000,
      0.8615,
      0.8609895706176758
    ],
    [
      30000,
      0.8755,
      0.874973475933075
    ],
    [
      40000,
      0.853,
      0.8525515198707581
    ],
    [
      50000,
      0.8145,
      0.813640296459198
    ],
    [
      60000,
      0.8095,
      0.8085798025131226
    ],
    [
      70000,
      0.7985,
      0.797416627407074
    ],
    [
      80000,
      0.786,
      0.78538978099823
    ],
    [
      90000,
      0.7565,
      0.7556798458099365
    ],
    [
      100000,
      0.7205,
      0.7196047902107239
    ]
  ],