{
  "episode_rewards": [
    29.872327847839657,
    30.840096433420797,
    30.883487808905755,
    38.32693371614003,
    32.335396815258626,
    29.480903056127758,
    30.788534561073607,
    47.98660318292351,
    30.998269336138055,
    48.591856207997004,
    29.851310518881622,
    30.36165479907656,
    31.172407036535702,
    58.02961353174726,
    48.51478933669942,
    44.356290248981914,
    86.89897172194033,
    38.23151722568145,
    106.71997267560094,
    73.77568500225952,
    105.57568042877038,
    381.15052534499216,
    21.980411750748093,
    316.59732116746693,
    554.8138591165665,
    596.8201380320883,
    698.323195178807,
    788.2896615424937,
    846.3679633603613,
    891.3097483478416,
    882.1975605432947,
    886.1837997713021,
    881.8860800324403,
    948.7716334075129,
    957.3348847900022,
    970.7778849860542,
    958.2684346883282,
    933.6647062510817,
    952.6376345044396,
    978.9218531745886,
    925.1823046121008,
    901.697638696062,
    941.2202918169718,
    910.6255063677532,
    866.5531731642974,
    932.2765915247395,
    972.6184686738234,
    965.7938379666844,
    936.9569148282918,
    810.582064536617,
    969.8414017710865,
    889.9165777383747,
    943.3504062488934,
    936.3121654925177,
    936.5654540710511,
    921.314225737633,
    948.56685481983,
    916.5724345521428,
    948.5352409978633,
    948.8750494454123,
    910.8679606039824,
    935.0958252941017,
    923.690577507627,
    939.6246158783141,
    917.9187366039565,
    960.3225617255625,
    924.1793878205129,
    909.3233337915204,
    914.7545582433189,
    956.0346836625108,
    934.5380428787893,
    929.9309788850236,
    955.2711044183844,
    900.9150379039879,
    852.3226056676024,
    920.4544084421672,
    940.2794633913253,
    933.4975181841837,
    940.6616767443115,
    885.2933571735277,
    884.5445434169281,
    951.258594002925,
    925.5210644568459,
    958.2735478040735,
    930.6624349238305,
    914.777021306747,
    898.8952842192328,
    911.1859229421447,
    957.9182655980096,
    942.5042427849714,
    939.015474300984,
    810.8271981041149,
    877.5037048017106,
    891.2185400093786,
    900.20269695571,
    908.3438475701619,
    918.6763075074059,
    900.836028052009,
    952.7912470124548,
    904.3836384876937
  ],
  "episode_costs": [
    991.0,
    990.0,
    990.0,
    991.0,
    991.0,
    988.0,
    991.0,
    984.0,
    989.0,
    990.0,
    990.0,
    993.0,
    991.0,
    981.0,
    991.0,
    991.0,
    991.0,
    990.0,
    984.0,
    990.0,
    960.0,
    719.0,
    991.0,
    693.0,
    407.0,
    300.0,
    215.0,
    64.0,
    35.0,
    67.0,
    27.0,
    33.0,
    55.0,
    15.0,
    0.0,
    0.0,
    5.0,
    46.0,
    27.0,
    0.0,
    25.0,
    63.0,
    25.0,
    40.0,
    92.0,
    36.0,
    2.0,
    23.0,
    24.0,
    176.0,
    0.0,
    63.0,
    34.0,
    25.0,
    25.0,
    47.0,
    30.0,
    52.0,
    28.0,
    31.0,
    54.0,
    30.0,
    27.0,
    0.0,
    28.0,
    4.0,
    41.0,
    61.0,
    35.0,
    6.0,
    29.0,
    27.0,
    16.0,
    33.0,
    56.0,
    27.0,
    30.0,
    28.0,
    24.0,
    60.0,
    52.0,
    19.0,
    26.0,
    3.0,
    23.0,
    27.0,
    40.0,
    24.0,
    0.0,
    19.0,
    8.0,
    78.0,
    31.0,
    32.0,
    35.0,
    25.0,
    28.0,
    34.0,
    0.0,
    0.0
  ],
  "diffhz_log": [
    [
      10000,
      0.9835,
      0.9821165204048157
    ],
    [
      20000,
      0.952,
      0.9507914781570435
    ],
    [
      30000,
      0.7675,
      0.7669212818145752
    ],
    [
      40000,
      0.8455,
      0.8444259166717529
    ],
    [
      50000,
      0.877,
      0.8757860064506531
    ],
    [
      60000,
      0.9005,
      0.8993158936500549
    ],
    [
      70000,
      0.916,
      0.914823591709137
    ],
    [
      80000,
      0.916,
      0.9144903421401978
    ],
    [
      90000,
      0.9165,
      0.9148399829864502
    ],
    [
      100000,
      0.9135,
      0.9120539426803589
    ]
  ],