{
  "episode_rewards": [
    35.29082529742229,
    38.591460225709646,
    33.335006660592114,
    29.957358021933185,
    35.11081325633473,
    25.47479773606016,
    35.11832860752456,
    36.497528633677334,
    33.500488028665735,
    57.560082069513406,
    49.1410006372574,
    49.84023146855614,
    49.88906133100785,
    68.21815410109772,
    61.382055573407825,
    190.1311908499106,
    197.87182477983873,
    174.83424018718398,
    175.2676237037619,
    177.62654297766483,
    199.54042922330086,
    182.70265026089197,
    177.16508555799794,
    191.74380637530442,
    193.82897348547763,
    221.93690922593476,
    189.95878644342596,
    179.5237606076048,
    149.75218355209665,
    180.26947241263548,
    168.85779169249196,
    182.2436375935596,
    193.2572647612235,
    192.6629521604534,
    172.37967234756522,
    200.49184479905642,
    184.3713371139693,
    190.63399247528272,
    180.95589087872082,
    176.16645283699745,
    185.96895163318172,
    172.78186762454857,
    187.22605295437646,
    167.9274187294781,
    186.25078224539214,
    185.56766877892056,
    199.31332155269834,
    200.92740953429552,
    212.2938824219172,
    218.36615069481167,
    217.43995415607307,
    221.4486296106987,
    201.4712192295114,
    174.05073873453355,
    195.20600921412498,
    179.1145999148098,
    183.73294578081445,
    187.9244752052157,
    174.31332190646913,
    177.78895471686428,
    175.34285439990455,
    186.439243534918,
    192.85865241633138,
    183.4794062320202,
    187.75068352234283,
    190.15459283642744,
    186.35452576613812,
    182.8080921597277,
    232.35397349467206,
    185.43252513402396,
    190.87479921086288,
    174.43206090341468,
    190.16687815290405,
    222.2464485483804,
    179.00787167544954,
    190.13682428427285,
    187.1878560095352,
    194.80267342118532,
    189.98602925850128,
    187.95580292631485,
    185.14704883665175,
    193.1798566471547,
    189.00854733931908,
    176.69149311952813,
    175.5056171348939,
    171.9717980880798,
    185.9680570734521,
    185.83333114878087,
    203.39790886337764,
    196.99513215034108,
    187.23179451015727,
    186.40379021686311,
    182.94199885681786,
    204.24382173793387,
    197.68721010370754,
    181.29304855184975,
    186.07580435249983,
    201.32701336043007,
    189.830439899048,
    190.92587566411478
  ],
  "episode_costs": [
    990.0,
    991.0,
    991.0,
    991.0,
    990.0,
    994.0,
    990.0,
    988.0,
    992.0,
    991.0,
    989.0,
    967.0,
    991.0,
    991.0,
    983.0,
    779.0,
    543.0,
    552.0,
    540.0,
    76.0,
    380.0,
    0.0,
    84.0,
    54.0,
    103.0,
    76.0,
    27.0,
    49.0,
    38.0,
    34.0,
    42.0,
    55.0,
    93.0,
    0.0,
    59.0,
    53.0,
    89.0,
    74.0,
    31.0,
    49.0,
    57.0,
    351.0,
    24.0,
    24.0,
    32.0,
    28.0,
    28.0,
    0.0,
    0.0,
    0.0,
    0.0,
    24.0,
    43.0,
    79.0,
    59.0,
    26.0,
    39.0,
    29.0,
    25.0,
    25.0,
    28.0,
    29.0,
    31.0,
    30.0,
    39.0,
    27.0,
    26.0,
    0.0,
    29.0,
    26.0,
    38.0,
    23.0,
    28.0,
    65.0,
    47.0,
    0.0,
    25.0,
    0.0,
    24.0,
    29.0,
    0.0,
    25.0,
    60.0,
    26.0,
    23.0,
    26.0,
    80.0,
    0.0,
    24.0,
    29.0,
    0.0,
    25.0,
    28.0,
    28.0,
    66.0,
    0.0,
    27.0,
    27.0,
    23.0,
    23.0
  ],
  "diffhz_log": [
    [
      10000,
      0.98,
      0.9793369174003601
    ],
    [
      20000,
      0.8805,
      0.8799092173576355
    ],
    [
      30000,
      0.8915,
      0.8907802104949951
    ],
    [
      40000,
      0.876,
      0.8753034472465515
    ],
    [
      50000,
      0.833,
      0.8322350978851318
    ],
    [
      60000,
      0.81,
      0.809451699256897
    ],
    [
      70000,
      0.8085,
      0.8079355359077454
    ],
    [
      80000,
      0.779,
      0.7784035801887512
    ],
    [
      90000,
      0.7585,
      0.7577615976333618
    ],
    [
      100000,
      0.6975,
      0.6967225074768066
    ]
  ],