{
  "episode_rewards": [
    35.29082529742229,
    38.591460225709646,
    33.335006660592114,
    29.957358021933185,
    35.11081325633473,
    33.161132547940625,
    29.75478252609176,
    30.275444905535856,
    29.12587386729116,
    30.420277557374522,
    43.75333133911753,
    38.684976261057116,
    47.543652840735206,
    30.13964348887872,
    125.14213728849504,
    161.07872792486032,
    75.18132153401551,
    376.97369243367257,
    454.71572032715596,
    321.81701108801485,
    73.33240282603073,
    63.763139600868975,
    50.83868885970868,
    217.24264240125402,
    168.65790163914124,
    110.41710028061573,
    159.79235340906436,
    308.4955443054011,
    207.5997157419017,
    234.56491445807984,
    208.13882948473469,
    237.66056872919185,
    213.0851115898066,
    259.39324118558324,
    241.08004745541436,
    188.522945317781,
    190.4102636850165,
    235.66472212938356,
    209.52899029679978,
    211.60853095973638,
    214.93756387510706,
    210.38455366071,
    212.57487007635055,
    221.17201946541837,
    220.18455340742412,
    247.16260964712762,
    235.7400236620271,
    259.26027763900936,
    222.7469374242008,
    230.72849888733003,
    209.23112880907635,
    204.80073670027465,
    208.570383617012,
    204.73251249227576,
    297.5115058178162,
    213.7379333988689,
    205.23825639207794,
    192.75980865644007,
    212.65320542326174,
    218.59616644613556,
    234.1472788080475,
    199.93427020398127,
    214.44038420676455,
    211.14365830908542,
    225.12579662266577,
    211.5616146980352,
    214.74218116494367,
    222.92609994959327,
    252.79993898533152,
    211.03186478514897,
    231.27322840246046,
    224.44820154953993,
    216.06144386154818,
    219.27835768024295,
    217.4580773733215,
    216.14255007409767,
    217.34132415201776,
    223.84450937057525,
    240.8421929520928,
    218.5347801031321,
    225.4022188848323,
    219.69926711735667,
    220.69485816742787,
    217.73491233507306,
    222.83521935549055,
    218.242411783937,
    212.35773063249937,
    223.76576227682057,
    217.00814816141292,
    217.48590050777028,
    212.26974133676404,
    208.92284183346385,
    220.60316221513492,
    227.13831172116394,
    213.9898522371133,
    217.11725487939128,
    240.27298791063828,
    222.3807753584834,
    228.48297938213625,
    231.730356689517
  ],
  "episode_costs": [
    990.0,
    991.0,
    991.0,
    991.0,
    990.0,
    993.0,
    990.0,
    992.0,
    992.0,
    991.0,
    989.0,
    988.0,
    991.0,
    992.0,
    992.0,
    991.0,
    991.0,
    990.0,
    992.0,
    993.0,
    992.0,
    954.0,
    982.0,
    732.0,
    838.0,
    902.0,
    584.0,
    506.0,
    486.0,
    66.0,
    86.0,
    94.0,
    31.0,
    0.0,
    90.0,
    63.0,
    10.0,
    10.0,
    137.0,
    119.0,
    77.0,
    21.0,
    43.0,
    36.0,
    35.0,
    0.0,
    94.0,
    73.0,
    88.0,
    11.0,
    0.0,
    41.0,
    48.0,
    99.0,
    73.0,
    47.0,
    11.0,
    54.0,
    24.0,
    44.0,
    68.0,
    26.0,
    30.0,
    36.0,
    56.0,
    45.0,
    71.0,
    15.0,
    43.0,
    18.0,
    18.0,
    15.0,
    51.0,
    28.0,
    56.0,
    0.0,
    27.0,
    0.0,
    34.0,
    28.0,
    0.0,
    26.0,
    41.0,
    25.0,
    25.0,
    14.0,
    55.0,
    0.0,
    24.0,
    30.0,
    0.0,
    51.0,
    33.0,
    18.0,
    64.0,
    0.0,
    0.0,
    30.0,
    28.0,
    27.0
  ],
  "diffhz_log": [
    [
      10000,
      0.988,
      0.9871523380279541
    ],
    [
      20000,
      0.9715,
      0.9711211919784546
    ],
    [
      30000,
      0.904,
      0.9033616781234741
    ],
    [
      40000,
      0.9055,
      0.9049875736236572
    ],
    [
      50000,
      0.891,
      0.8902469277381897
    ],
    [
      60000,
      0.885,
      0.8845028281211853
    ],
    [
      70000,
      0.889,
      0.8883860111236572
    ],
    [
      80000,
      0.881,
      0.880499005317688
    ],
    [
      90000,
      0.859,
      0.8584722876548767
    ],
    [
      100000,
      0.8515,
      0.8512070178985596
    ]
  ],