{
  "episode_rewards": [
    29.172734369863996,
    30.90006082604857,
    30.851891064424695,
    38.484053235019694,
    32.76545054799672,
    32.740327871629916,
    32.94360102269786,
    44.03930351730131,
    30.205000977666558,
    38.80684092227863,
    36.259305128435344,
    42.73927663432464,
    31.476426974445737,
    44.25079028495061,
    100.17332817205047,
    68.66288432177737,
    140.270215696082,
    106.75767887302993,
    153.53584147668937,
    181.1045914566026,
    423.31587565656844,
    121.25942122088293,
    237.91617783208397,
    188.82128065531722,
    207.2237886009433,
    179.51676838179532,
    188.06719971953098,
    201.69441604097128,
    321.2485890815308,
    396.3338128842088,
    224.16295458378352,
    253.87793132876982,
    307.2752428108724,
    279.4794731395258,
    222.5905610979833,
    197.0220041611917,
    253.38582453684305,
    199.4841022800981,
    219.49413710966616,
    190.79625298804459,
    192.7674365199926,
    234.63029832710276,
    211.18944715869165,
    188.11364297855147,
    205.04410802843805,
    193.1141227876951,
    220.28283409105498,
    198.9204888885778,
    231.8346204445316,
    201.68460615282788,
    229.71603098491505,
    210.99539101923435,
    239.61390695480782,
    218.89010310320626,
    221.20717349822138,
    218.04494335619978,
    225.48837876156213,
    229.5096114477038,
    214.94780009933567,
    216.16181893589433,
    201.17968847842377,
    201.45834149026643,
    214.18066618558726,
    205.7569695666116,
    217.71574946913665,
    218.35614915830067,
    222.11626202764842,
    222.65403563509875,
    216.99962050410656,
    223.9520302171416,
    218.94061891509938,
    210.41117822524032,
    222.76073773074978,
    233.0105036178064,
    217.56148014133078,
    236.51127788694978,
    258.7950931116997,
    239.2675889413672,
    238.24209467537457,
    223.58573849124411,
    209.98069345180417,
    218.3086183199038,
    220.4987256205841,
    231.54678027742963,
    221.45937309680426,
    200.53013462304827,
    208.94010224396465,
    216.83471384384,
    211.237623903163,
    218.19871174331396,
    256.3221241728418,
    243.51841602967912,
    256.9734548737685,
    249.64517195649978,
    224.14755505523442,
    243.50834668990166,
    211.9258345477038,
    228.22678865833532,
    233.84590818917505,
    231.64548927726972
  ],
  "episode_costs": [
    991.0,
    990.0,
    990.0,
    991.0,
    991.0,
    990.0,
    989.0,
    988.0,
    991.0,
    990.0,
    991.0,
    993.0,
    991.0,
    990.0,
    992.0,
    991.0,
    963.0,
    990.0,
    990.0,
    915.0,
    786.0,
    796.0,
    623.0,
    462.0,
    54.0,
    129.0,
    0.0,
    118.0,
    62.0,
    123.0,
    27.0,
    67.0,
    99.0,
    82.0,
    52.0,
    0.0,
    27.0,
    28.0,
    23.0,
    0.0,
    30.0,
    56.0,
    30.0,
    46.0,
    58.0,
    44.0,
    76.0,
    24.0,
    116.0,
    54.0,
    26.0,
    31.0,
    33.0,
    25.0,
    23.0,
    71.0,
    76.0,
    55.0,
    32.0,
    30.0,
    27.0,
    33.0,
    26.0,
    0.0,
    27.0,
    33.0,
    25.0,
    64.0,
    45.0,
    0.0,
    29.0,
    30.0,
    29.0,
    0.0,
    24.0,
    24.0,
    27.0,
    25.0,
    25.0,
    66.0,
    40.0,
    23.0,
    26.0,
    22.0,
    25.0,
    35.0,
    41.0,
    23.0,
    0.0,
    24.0,
    40.0,
    48.0,
    40.0,
    52.0,
    39.0,
    51.0,
    24.0,
    42.0,
    7.0,
    0.0
  ],
  "diffhz_log": [
    [
      10000,
      0.984,
      0.9831370115280151
    ],
    [
      20000,
      0.964,
      0.9631914496421814
    ],
    [
      30000,
      0.8725,
      0.8717653155326843
    ],
    [
      40000,
      0.886,
      0.8854854702949524
    ],
    [
      50000,
      0.879,
      0.8782819509506226
    ],
    [
      60000,
      0.881,
      0.8802252411842346
    ],
    [
      70000,
      0.85,
      0.8496562242507935
    ],
    [
      80000,
      0.8545,
      0.853699803352356
    ],
    [
      90000,
      0.8485,
      0.8477283716201782
    ],
    [
      100000,
      0.835,
      0.8343273997306824
    ]
  ],