{
  "episode_rewards": [
    27.51714624291901,
    36.38100183663861,
    27.658466379345242,
    33.70947586980127,
    31.06584165859065,
    31.343142426717932,
    35.77579003891454,
    31.237340378502243,
    33.402994303211926,
    30.302100762210333,
    32.21430963063163,
    32.186952478749035,
    30.347971860883504,
    28.868170165106132,
    50.59500850590569,
    33.17142064227174,
    106.54029271035064,
    74.10675668004853,
    66.81171979332215,
    201.31213078136454,
    114.15579944400938,
    285.5274745688795,
    481.67383871360374,
    486.6632651912398,
    559.9384590622308,
    600.7731588985635,
    588.6817159465214,
    657.8288718835413,
    577.4972152545946,
    556.5701428342121,
    696.2683375276162,
    836.4177716923012,
    852.1485043939284,
    915.7644427183986,
    869.9270348224101,
    934.3605271734145,
    969.178428859733,
    903.1277307534526,
    917.4307082550234,
    919.8175040207295,
    929.2773220241482,
    927.6252891295004,
    965.5653928492982,
    872.3529512245889,
    959.0623708943415,
    960.1508643245423,
    921.3437171930922,
    937.5517253556378,
    961.499711849293,
    888.0717461446969,
    882.3285364993311,
    977.6576659347987,
    965.9047336112889,
    953.2543860423525,
    950.8376692098476,
    927.2331900642815,
    948.3372817526803,
    968.0222918835274,
    955.0996251667691,
    944.0799075947292,
    863.5104325330244,
    964.0972677895278,
    881.3905728100733,
    950.8992958550677,
    951.1711242958571,
    961.3136693063547,
    941.6703218314509,
    969.4839096478943,
    912.9777580358535,
    941.7991328965463,
    951.4037540872308,
    932.3771636565335,
    943.963920051274,
    935.3580428644113,
    981.8912842410186,
    909.5596660196811,
    915.7250032992945,
    939.2582580632826,
    932.6374217331418,
    916.6224960587024,
    985.6779418602454,
    944.6227675153434,
    952.8711597934908,
    947.6197901316656,
    962.9957102904652,
    964.5846367669227,
    918.8231319083823,
    950.3429744411654,
    947.7477023180211,
    953.5976633634343,
    915.7474456102078,
    900.6743170366896,
    891.3336977228232,
    943.7015557832918,
    955.5415285854342,
    943.8776301978924,
    958.2425503849731,
    968.1649805811593,
    974.4053317368537,
    970.4960430240287
  ],
  "episode_costs": [
    991.0,
    991.0,
    991.0,
    990.0,
    991.0,
    991.0,
    992.0,
    989.0,
    991.0,
    992.0,
    993.0,
    992.0,
    989.0,
    991.0,
    989.0,
    990.0,
    983.0,
    989.0,
    990.0,
    948.0,
    989.0,
    787.0,
    537.0,
    484.0,
    300.0,
    270.0,
    289.0,
    256.0,
    307.0,
    371.0,
    212.0,
    58.0,
    68.0,
    27.0,
    89.0,
    28.0,
    0.0,
    81.0,
    54.0,
    75.0,
    52.0,
    31.0,
    0.0,
    114.0,
    26.0,
    29.0,
    67.0,
    40.0,
    24.0,
    90.0,
    81.0,
    0.0,
    26.0,
    37.0,
    29.0,
    43.0,
    27.0,
    15.0,
    32.0,
    32.0,
    120.0,
    0.0,
    75.0,
    20.0,
    33.0,
    0.0,
    52.0,
    0.0,
    61.0,
    28.0,
    37.0,
    28.0,
    33.0,
    43.0,
    0.0,
    23.0,
    52.0,
    58.0,
    33.0,
    54.0,
    0.0,
    36.0,
    17.0,
    23.0,
    11.0,
    0.0,
    69.0,
    27.0,
    40.0,
    29.0,
    81.0,
    54.0,
    88.0,
    21.0,
    24.0,
    25.0,
    32.0,
    5.0,
    0.0,
    1.0
  ],
  "diffhz_log": [
    [
      10000,
      0.981,
      0.9793809056282043
    ],
    [
      20000,
      0.966,
      0.9651244878768921
    ],
    [
      30000,
      0.8185,
      0.8176605701446533
    ],
    [
      40000,
      0.7895,
      0.7886419892311096
    ],
    [
      50000,
      0.87,
      0.8689022064208984
    ],
    [
      60000,
      0.8965,
      0.8951590657234192
    ],
    [
      70000,
      0.903,
      0.9018418192863464
    ],
    [
      80000,
      0.9115,
      0.9101098775863647
    ],
    [
      90000,
      0.9085,
      0.906947135925293
    ],
    [
      100000,
      0.918,
      0.9167938232421875
    ]
  ],