{
  "episode_rewards": [
    29.872327847839657,
    30.840096433420797,
    30.883487808905755,
    38.32693371614003,
    32.335396815258626,
    31.309081940542406,
    33.27908953010216,
    44.33580265443388,
    33.38668902510176,
    37.435737056243354,
    41.93606287698816,
    32.42310042968701,
    57.26152406921437,
    65.50792940737567,
    99.34349417625563,
    29.616288528932035,
    83.24386534061114,
    100.06424024684095,
    46.654069591335464,
    110.96980350794963,
    161.84343845727582,
    143.16483938122968,
    178.07098443635127,
    300.89748635975235,
    186.91454251129773,
    227.47460654741545,
    244.94170919980198,
    231.8764242206471,
    194.9589610135671,
    198.48777193977287,
    217.70771802567666,
    313.59481672812126,
    298.7835478077292,
    306.57165627290345,
    331.3179205366677,
    256.1013585948555,
    262.0010316216349,
    357.9109009829204,
    259.3995954419069,
    372.0285964013547,
    254.7042340692607,
    518.319036218308,
    309.2297554045281,
    274.3738012135792,
    656.1691721952645,
    785.6728899653381,
    805.608845996814,
    770.3078529879054,
    840.06803702386,
    544.3904163702528,
    352.2037755533039,
    949.7936449613674,
    903.7761215611862,
    938.3104939574184,
    942.8943419799004,
    934.1750087419753,
    948.7126781256816,
    927.7012129892292,
    949.8030331337795,
    943.4471297766282,
    938.8733510179422,
    956.8374538967602,
    951.8363959266719,
    957.3749054955274,
    950.1174029913136,
    960.1284361361193,
    943.1608955874686,
    915.3873426768383,
    941.95872468622,
    985.4753329655929,
    922.8842382543625,
    914.6423125081232,
    975.8662157626345,
    978.6632536591488,
    971.4460637909856,
    928.0943282906804,
    959.7094549746898,
    956.4542510817107,
    964.3770098938362,
    920.4008100889756,
    953.1038323158351,
    948.9554585911267,
    931.2282728313864,
    951.4057212347893,
    953.9692779957279,
    925.347818812302,
    916.4777811730643,
    972.4873115283979,
    966.2493805251412,
    969.2979229912835,
    952.6454133845232,
    921.6564139608623,
    936.0912499849192,
    942.759982064731,
    953.4363191273073,
    939.9964280218575,
    917.7976419591809,
    833.7779505706588,
    962.5188287572616,
    307.2453144131268
  ],
  "episode_costs": [
    991.0,
    990.0,
    990.0,
    991.0,
    991.0,
    989.0,
    990.0,
    989.0,
    990.0,
    990.0,
    991.0,
    992.0,
    991.0,
    986.0,
    984.0,
    964.0,
    849.0,
    987.0,
    978.0,
    957.0,
    878.0,
    892.0,
    265.0,
    494.0,
    360.0,
    151.0,
    39.0,
    117.0,
    68.0,
    60.0,
    174.0,
    124.0,
    177.0,
    34.0,
    49.0,
    47.0,
    21.0,
    44.0,
    83.0,
    13.0,
    35.0,
    64.0,
    21.0,
    80.0,
    32.0,
    29.0,
    14.0,
    3.0,
    31.0,
    415.0,
    0.0,
    33.0,
    74.0,
    25.0,
    15.0,
    28.0,
    16.0,
    29.0,
    30.0,
    44.0,
    52.0,
    30.0,
    26.0,
    39.0,
    30.0,
    24.0,
    32.0,
    69.0,
    32.0,
    0.0,
    54.0,
    56.0,
    0.0,
    0.0,
    19.0,
    24.0,
    29.0,
    32.0,
    23.0,
    28.0,
    22.0,
    0.0,
    31.0,
    0.0,
    26.0,
    33.0,
    44.0,
    0.0,
    0.0,
    0.0,
    10.0,
    60.0,
    44.0,
    31.0,
    37.0,
    24.0,
    57.0,
    35.0,
    0.0,
    0.0
  ],
  "diffhz_log": [
    [
      10000,
      0.977,
      0.9754931926727295
    ],
    [
      20000,
      0.96,
      0.9588718414306641
    ],
    [
      30000,
      0.8955,
      0.8950330018997192
    ],
    [
      40000,
      0.8675,
      0.8662052154541016
    ],
    [
      50000,
      0.8295,
      0.8282259106636047
    ],
    [
      60000,
      0.806,
      0.8048176169395447
    ],
    [
      70000,
      0.8675,
      0.8661429286003113
    ],
    [
      80000,
      0.865,
      0.8638052344322205
    ],
    [
      90000,
      0.8745,
      0.8728455901145935
    ],
    [
      100000,
      0.8625,
      0.8610450625419617
    ]
  ],