{
  "episode_rewards": [
    35.29082529742229,
    38.591460225709646,
    33.335006660592114,
    29.957358021933185,
    35.11081325633473,
    35.52742168322545,
    35.13980316035875,
    33.51396551755335,
    27.62079776099391,
    28.98847261390778,
    38.27445794589394,
    40.46839055571647,
    36.67510892232515,
    30.47432862284187,
    52.835285617362345,
    59.161580328565144,
    67.41344179376867,
    98.28470720408289,
    157.41333698048638,
    296.926706299077,
    95.87335044824884,
    412.05423307489724,
    462.6514351751558,
    153.70331473819445,
    483.280900961632,
    476.4616707053928,
    490.43186516575554,
    513.6606979841489,
    452.81919551811427,
    527.5328460210687,
    541.6533542108423,
    555.7734201215742,
    587.4977225264946,
    573.0560610628289,
    623.8454057266474,
    574.7632315014928,
    628.5071594792909,
    627.4049763564446,
    72.59076656610797,
    565.3770599089862,
    708.6132691174505,
    748.2741189605787,
    136.28121978428965,
    784.2649276080181,
    764.0389927456084,
    816.2837457824852,
    782.3237699788606,
    810.8724859895409,
    798.3735944733534,
    831.5411923304699,
    859.9108338712704,
    835.7655344595954,
    841.0670137925998,
    835.7026316101939,
    844.3586372547813,
    102.10172937464314,
    865.8839579544264,
    137.49177522184678,
    856.9050890157255,
    871.2900796596529,
    842.5546665966986,
    857.6518126019804,
    862.5450775446267,
    778.6240999037587,
    844.2636667515842,
    804.9052074587008,
    868.9308153851761,
    878.7292537376774,
    853.900088271198,
    869.8681218437295,
    881.6602929504124,
    880.3476306789801,
    878.591799050157,
    840.6139791086911,
    848.3207836539995,
    875.7060094747162,
    868.9592760862122,
    797.2991788638283,
    869.7399607426838,
    864.4639481062703,
    882.7372117673156,
    867.5554257599791,
    880.9766836372552,
    874.4556644319073,
    864.0164212027512,
    885.6147544337363,
    844.2222103970593,
    889.7494727253644,
    862.3287957922206,
    875.5493374682741,
    897.2020173661261,
    877.9713176174672,
    858.7447136156375,
    887.8874617504191,
    857.0003251528105,
    894.3449269298799,
    885.0853472578322,
    872.7276290941732,
    890.0641152789816,
    887.2569175456046
  ],
  "episode_costs": [
    990.0,
    991.0,
    991.0,
    991.0,
    990.0,
    993.0,
    990.0,
    991.0,
    989.0,
    990.0,
    988.0,
    987.0,
    991.0,
    991.0,
    990.0,
    990.0,
    991.0,
    990.0,
    991.0,
    981.0,
    990.0,
    980.0,
    971.0,
    990.0,
    992.0,
    989.0,
    994.0,
    969.0,
    981.0,
    990.0,
    936.0,
    982.0,
    947.0,
    869.0,
    854.0,
    826.0,
    859.0,
    826.0,
    992.0,
    806.0,
    644.0,
    543.0,
    992.0,
    451.0,
    454.0,
    416.0,
    428.0,
    409.0,
    328.0,
    386.0,
    331.0,
    329.0,
    319.0,
    286.0,
    302.0,
    992.0,
    293.0,
    991.0,
    286.0,
    272.0,
    301.0,
    292.0,
    287.0,
    372.0,
    296.0,
    337.0,
    269.0,
    247.0,
    290.0,
    263.0,
    265.0,
    252.0,
    263.0,
    305.0,
    284.0,
    277.0,
    277.0,
    311.0,
    277.0,
    276.0,
    266.0,
    278.0,
    266.0,
    266.0,
    274.0,
    259.0,
    293.0,
    246.0,
    282.0,
    276.0,
    235.0,
    264.0,
    271.0,
    248.0,
    280.0,
    235.0,
    246.0,
    259.0,
    246.0,
    248.0
  ],
  "diffhz_log": [
    [
      10000,
      0.9775,
      0.9768386483192444
    ],
    [
      20000,
      0.9685,
      0.9680314660072327
    ],
    [
      30000,
      0.967,
      0.9663015007972717
    ],
    [
      40000,
      0.952,
      0.9515680074691772
    ],
    [
      50000,
      0.9395,
      0.9391997456550598
    ],
    [
      60000,
      0.9275,
      0.9270244240760803
    ],
    [
      70000,
      0.915,
      0.9145084023475647
    ],
    [
      80000,
      0.911,
      0.9102640151977539
    ],
    [
      90000,
      0.8995,
      0.8988069891929626
    ],
    [
      100000,
      0.89,
      0.889177143573761
    ]
  ],
  "lambda_log": [
    [
      999,
      0.0
    ],
    [
      1999,
      0.0
    ],
    [
      2999,
      0.0
    ],
    [
      3999,
      0.0
    ],
    [
      4999,
      0.0
    ],
    [
      5999,
      0.0
    ],
    [
      6999,
      0.0
    ],
    [
      7999,
      0.0
    ],
    [
      8999,
      0.0
    ],
    [
      9999,
      0.0
    ],
    [
      10999,
      0.0
    ],
    [
      11999,
      0.0
    ],
    [
      12999,
      0.0
    ],
    [
      13999,
      0.0
    ],
    [
      14999,
      0.0
    ],
    [
      15999,
      0.0
    ],
    [
      16999,
      0.0
    ],
    [
      17999,
      0.0
    ],
    [
      18999,
      0.0
    ],
    [
      19999,
      0.0
    ],
    [
      20999,
      0.0
    ],
    [
      21999,
      0.0
    ],
    [
      22999,
      0.0
    ],
    [
      23999,
      0.0
    ],
    [
      24999,
      0.0
    ],
    [
      25999,
      0.0
    ],
    [
      26999,
      0.0
    ],
    [
      27999,
      0.0
    ],
    [
      28999,
      0.0
    ],
    [
      29999,
      0.0
    ],
    [
      30999,
      0.0
    ],
    [
      31999,
      0.0
    ],
    [
      32999,
      0.0
    ],
    [
      33999,
      0.0
    ],
    [
      34999,
      0.0
    ],
    [
      35999,
      0.0
    ],
    [
      36999,
      0.0
    ],
    [
      37999,
      0.0
    ],
    [
      38999,
      0.0
    ],
    [
      39999,
      0.0
    ],
    [
      40999,
      0.0
    ],
    [
      41999,
      0.0
    ],
    [
      42999,
      0.0
    ],
    [
      43999,
      0.0
    ],
    [
      44999,
      0.0
    ],
    [
      45999,
      0.0
    ],
    [
      46999,
      0.0
    ],
    [
      47999,
      0.0
    ],
    [
      48999,
      0.0
    ],
    [
      49999,
      0.0
    ],
    [
      50999,
      0.0
    ],
    [
      51999,
      0.0
    ],
    [
      52999,
      0.0
    ],
    [
      53999,
      0.0
    ],
    [
      54999,
      0.0
    ],
    [
      55999,
      0.0
    ],
    [
      56999,
      0.0
    ],
    [
      57999,
      0.0
    ],
    [
      58999,
      0.0
    ],
    [
      59999,
      0.0
    ],
    [
      60999,
      0.0
    ],
    [
      61999,
      0.0
    ],
    [
      62999,
      0.0
    ],
    [
      63999,
      0.0
    ],
    [
      64999,
      0.0
    ],
    [
      65999,
      0.0
    ],
    [
      66999,
      0.0
    ],
    [
      67999,
      0.0
    ],
    [
      68999,
      0.0
    ],
    [
      69999,
      0.0
    ],
    [
      70999,
      0.0
    ],
    [
      71999,
      0.0
    ],
    [
      72999,
      0.0
    ],
    [
      73999,
      0.0
    ],
    [
      74999,
      0.0
    ],
    [
      75999,
      0.0
    ],
    [
      76999,
      0.0
    ],
    [
      77999,
      0.0
    ],
    [
      78999,
      0.0
    ],
    [
      79999,
      0.0
    ],
    [
      80999,
      0.0
    ],
    [
      81999,
      0.0
    ],
    [
      82999,
      0.0
    ],
    [
      83999,
      0.0
    ],
    [
      84999,
      0.0
    ],
    [
      85999,
      0.0
    ],
    [
      86999,
      0.0
    ],
    [
      87999,
      0.0
    ],
    [
      88999,
      0.0
    ],
    [
      89999,
      0.0
    ],
    [
      90999,
      0.0
    ],
    [
      91999,
      0.0
    ],
    [
      92999,
      0.0
    ],
    [
      93999,
      0.0
    ],
    [
      94999,
      0.0
    ],
    [
      95999,
      0.0
    ],
    [
      96999,
      0.0
    ],
    [
      97999,
      0.0
    ],
    [
      98999,
      0.0
    ],
    [
      99999,
      0.0
    ]
  ],
  "seed": 123,
  "env_name": "walker-walk-v0",
  "use_rare_buffer": false,
  "use_lagrangian": false,
  "velocity_threshold": 3.0,
  "height_threshold": 1.0,
  "method": "pgr",
  "total_steps": 100001,
  "complete": true
}