{
  "episode_rewards": [
    29.172734369863996,
    30.90006082604857,
    30.851891064424695,
    38.484053235019694,
    32.76545054799672,
    24.110608462102434,
    42.665848733108234,
    49.99988952542266,
    65.620381030157,
    19.888209590713906,
    62.06611429611804,
    42.911416413820795,
    35.23254232958591,
    61.60696902744549,
    174.40230507244414,
    113.4085219166529,
    227.29824617734025,
    148.4237343840947,
    175.7386137441119,
    218.51272066303983,
    272.5500340349066,
    185.35340827907157,
    240.42080160279787,
    289.464367168438,
    232.6189301388775,
    198.01989905642043,
    188.14859146071237,
    187.08265665411096,
    183.90648086365385,
    183.87635117427195,
    211.82512340837047,
    194.08199897941955,
    177.2851427448751,
    187.75820922588267,
    175.799629342103,
    191.66133091814729,
    236.6848606683867,
    162.0027314581344,
    188.1481036917917,
    201.44061418565641,
    176.848895722874,
    183.466634398829,
    206.04726251661475,
    183.11262102771948,
    205.50223052176216,
    194.02192535681502,
    216.96760354770106,
    236.03716788745254,
    203.05734295870283,
    184.02508821988522,
    203.63995161421226,
    190.50528977681117,
    209.7015549314054,
    191.0469359519878,
    199.3823440683677,
    201.16667381920652,
    191.06017548550443,
    203.39907167391016,
    198.21185833596843,
    199.31770738846038,
    192.60483857971897,
    190.71954172021145,
    196.6236737398165,
    212.81783767240273,
    193.06651690742277,
    205.17590402018823,
    193.93054420310727,
    209.92654477968077,
    222.8453099865344,
    210.32034563029939,
    200.251264480248,
    193.10524793827605,
    209.05217284865563,
    196.52501889246554,
    197.48632658592751,
    199.357833119837,
    210.7359611771997,
    195.33663088179355,
    211.8752400396521,
    191.33429966954571,
    197.90601056417714,
    194.71952579849525,
    198.71461864779042,
    218.39247341270934,
    182.8205360242862,
    187.97727126438187,
    204.3693211756905,
    218.12874393812854,
    199.05306520434058,
    195.83319659003368,
    207.2412729458897,
    205.2219290560532,
    192.78111413104642,
    219.94417735946078,
    204.94460652711894,
    193.6021321787771,
    196.9477983625245,
    200.10819893619603,
    212.5057244075524,
    206.06353261523213
  ],
  "episode_costs": [
    991.0,
    990.0,
    990.0,
    991.0,
    991.0,
    990.0,
    991.0,
    986.0,
    988.0,
    990.0,
    991.0,
    978.0,
    991.0,
    979.0,
    743.0,
    844.0,
    528.0,
    598.0,
    766.0,
    485.0,
    496.0,
    502.0,
    578.0,
    323.0,
    67.0,
    107.0,
    45.0,
    32.0,
    47.0,
    74.0,
    120.0,
    42.0,
    50.0,
    139.0,
    8.0,
    0.0,
    90.0,
    128.0,
    31.0,
    0.0,
    29.0,
    25.0,
    39.0,
    61.0,
    31.0,
    24.0,
    101.0,
    41.0,
    28.0,
    42.0,
    0.0,
    30.0,
    36.0,
    29.0,
    25.0,
    148.0,
    24.0,
    32.0,
    27.0,
    24.0,
    29.0,
    27.0,
    25.0,
    55.0,
    36.0,
    20.0,
    26.0,
    60.0,
    48.0,
    0.0,
    37.0,
    34.0,
    28.0,
    54.0,
    24.0,
    26.0,
    25.0,
    25.0,
    27.0,
    35.0,
    29.0,
    23.0,
    25.0,
    28.0,
    26.0,
    42.0,
    37.0,
    26.0,
    24.0,
    24.0,
    90.0,
    36.0,
    66.0,
    33.0,
    46.0,
    33.0,
    26.0,
    39.0,
    31.0,
    27.0
  ],
  "diffhz_log": [
    [
      10000,
      0.982,
      0.9811047315597534
    ],
    [
      20000,
      0.838,
      0.837811291217804
    ],
    [
      30000,
      0.86,
      0.8591861724853516
    ],
    [
      40000,
      0.846,
      0.8453084826469421
    ],
    [
      50000,
      0.825,
      0.8243861198425293
    ],
    [
      60000,
      0.82,
      0.8191038966178894
    ],
    [
      70000,
      0.792,
      0.7916495203971863
    ],
    [
      80000,
      0.799,
      0.7983078360557556
    ],
    [
      90000,
      0.7825,
      0.7819690108299255
    ],
    [
      100000,
      0.754,
      0.7535685896873474
    ]
  ],