{
  "episode_rewards": [
    28.037424285529713,
    31.089525086839267,
    28.551366305510612,
    34.40465599005149,
    32.96677555796392,
    20.48282993681953,
    26.388397972358728,
    43.72377013533403,
    22.832078450920214,
    45.53463822054986,
    65.32005906941666,
    90.27879855963117,
    28.784041875083833,
    28.235476205982263,
    92.05075089293817,
    115.53113477325141,
    203.06615831075595,
    250.54099407054255,
    292.81038076324955,
    242.37521263031502,
    360.9550928719692,
    327.80593068339994,
    240.12791974030938,
    301.0594941726394,
    308.2992589278431,
    241.40259115549676,
    348.6908505323778,
    245.48717788913154,
    252.0275151683306,
    322.87944810741874,
    312.3470173253798,
    241.38472699785194,
    256.4158345215597,
    234.8042781340702,
    249.2471502307064,
    232.90513303536812,
    236.21856673557465,
    221.7591269667118,
    189.056742955182,
    245.23539832382613,
    185.55401858781877,
    161.38803133843265,
    176.58438076948565,
    206.36803622651107,
    163.06481844354582,
    180.6202382660717,
    170.97109295266955,
    201.55192121640246,
    201.40716684140213,
    216.1285460786657,
    216.2240314257033,
    224.67162532690722,
    173.15125873101377,
    180.8140709449334,
    207.52836473941693,
    190.1828636487181,
    188.62497389030193,
    206.17086664571994,
    197.31238293714384,
    215.86655666346172,
    213.21788144927243,
    202.53172581628831,
    219.79203667008952,
    198.1027707175626,
    228.13979056223255,
    191.39145618763567,
    219.6243368311037,
    235.31174292723153,
    196.63792628107316,
    210.27568539064006,
    193.24978156454603,
    219.44377187453946,
    205.5685369979463,
    227.0759901512996,
    217.1778652049254,
    191.12711843934306,
    203.0215230748483,
    210.97239480767362,
    182.06637140309394,
    200.12219437312496,
    195.20595198259116,
    183.22905796568017,
    211.76489585954135,
    188.05878021799052,
    198.7935878768892,
    218.23287297641414,
    203.35606950782636,
    203.5600555971557,
    216.734260910275,
    177.2290904014102,
    178.37364435550288,
    172.7575462445516,
    188.25056959228445,
    190.65148682348416,
    192.17944310652402,
    194.00952951103383,
    194.9383194550995,
    187.90800096652325,
    201.1779012959616,
    184.89254843494498
  ],
  "episode_costs": [
    991.0,
    991.0,
    991.0,
    990.0,
    991.0,
    991.0,
    993.0,
    990.0,
    991.0,
    990.0,
    991.0,
    989.0,
    989.0,
    990.0,
    958.0,
    934.0,
    731.0,
    623.0,
    576.0,
    587.0,
    564.0,
    549.0,
    329.0,
    357.0,
    389.0,
    338.0,
    377.0,
    122.0,
    165.0,
    229.0,
    65.0,
    51.0,
    95.0,
    27.0,
    53.0,
    27.0,
    67.0,
    152.0,
    186.0,
    141.0,
    54.0,
    24.0,
    0.0,
    39.0,
    45.0,
    25.0,
    79.0,
    31.0,
    26.0,
    73.0,
    0.0,
    0.0,
    26.0,
    42.0,
    27.0,
    46.0,
    35.0,
    25.0,
    26.0,
    24.0,
    80.0,
    26.0,
    52.0,
    25.0,
    30.0,
    34.0,
    33.0,
    54.0,
    27.0,
    25.0,
    149.0,
    28.0,
    26.0,
    39.0,
    0.0,
    25.0,
    25.0,
    73.0,
    57.0,
    0.0,
    0.0,
    24.0,
    23.0,
    25.0,
    0.0,
    0.0,
    26.0,
    51.0,
    53.0,
    31.0,
    45.0,
    28.0,
    24.0,
    24.0,
    24.0,
    0.0,
    23.0,
    20.0,
    0.0,
    23.0
  ],
  "diffhz_log": [
    [
      10000,
      0.985,
      0.9840453863143921
    ],
    [
      20000,
      0.8765,
      0.8760927319526672
    ],
    [
      30000,
      0.7605,
      0.7600556015968323
    ],
    [
      40000,
      0.821,
      0.8204185962677002
    ],
    [
      50000,
      0.819,
      0.8183854222297668
    ],
    [
      60000,
      0.817,
      0.8161574006080627
    ],
    [
      70000,
      0.798,
      0.797340452671051
    ],
    [
      80000,
      0.78,
      0.7794370055198669
    ],
    [
      90000,
      0.7965,
      0.7960328459739685
    ],
    [
      100000,
      0.775,
      0.7742592692375183
    ]
  ],