{
  "episode_rewards": [
    28.037424285529713,
    31.089525086839267,
    28.551366305510612,
    34.40465599005149,
    32.96677555796392,
    31.05431270116593,
    31.842343315101516,
    30.62651018249882,
    31.130453371559003,
    36.20644837480078,
    31.333287777578366,
    31.806746349160527,
    27.91875524763142,
    31.3481580682937,
    117.84527677494687,
    32.25213877424152,
    132.7888546006943,
    43.1156049725091,
    92.55842862315968,
    222.71939838052072,
    105.48228315684341,
    123.88154991170646,
    288.2652606305031,
    109.27786723263792,
    360.5487627273435,
    534.8400394848902,
    472.248938067944,
    625.9584235705762,
    674.316598996944,
    683.6517425209541,
    750.3859499852983,
    759.2733890998782,
    808.2190381964066,
    773.4236810297225,
    767.9680765266087,
    788.849650637455,
    842.0226459246073,
    785.2916924266204,
    815.0593840369035,
    810.0053906488813,
    765.1218753871384,
    833.2601709155501,
    813.5251794261989,
    830.1356155835074,
    837.4335459278815,
    826.0034642351152,
    839.2309658841552,
    857.585165945015,
    854.5836153293765,
    847.5987848156736,
    843.0147106847123,
    880.3015755772058,
    855.4823747566687,
    870.6728384419976,
    850.3884601541339,
    843.165955383851,
    856.2829705826855,
    882.7314216644005,
    867.9273872013557,
    869.4420559518936,
    815.4173524249318,
    872.2646658583197,
    877.5623601232982,
    874.6519289527007,
    871.0561518530236,
    898.5937563440787,
    905.3561939589514,
    905.9620317188219,
    888.3085497224929,
    884.8627893062221,
    870.9776845892115,
    896.463251956795,
    899.4199363340049,
    889.2038282706033,
    930.9411123001175,
    910.2942368934939,
    947.4757096160112,
    803.2573406227933,
    925.3804547158738,
    968.7677207995877,
    976.3316867877614,
    966.2405443365366,
    948.587237273846,
    954.3833823305417,
    948.5042731446051,
    979.2233939502072,
    955.9975767324537,
    957.640213527996,
    924.8958471788286,
    952.095642736705,
    972.2855887549698,
    962.5219743205712,
    953.3883314089389,
    940.2375682287857,
    957.8370034993824,
    949.9403469467974,
    952.8964572871039,
    986.252361927129,
    991.0518018952912,
    977.3998257318867
  ],
  "episode_costs": [
    991.0,
    991.0,
    991.0,
    990.0,
    991.0,
    993.0,
    992.0,
    989.0,
    991.0,
    992.0,
    993.0,
    991.0,
    990.0,
    992.0,
    989.0,
    990.0,
    972.0,
    980.0,
    988.0,
    964.0,
    991.0,
    960.0,
    911.0,
    969.0,
    797.0,
    814.0,
    657.0,
    679.0,
    552.0,
    524.0,
    440.0,
    445.0,
    402.0,
    437.0,
    433.0,
    385.0,
    319.0,
    389.0,
    328.0,
    347.0,
    387.0,
    322.0,
    334.0,
    324.0,
    282.0,
    270.0,
    268.0,
    271.0,
    258.0,
    280.0,
    267.0,
    234.0,
    249.0,
    245.0,
    243.0,
    245.0,
    230.0,
    219.0,
    218.0,
    234.0,
    269.0,
    211.0,
    211.0,
    207.0,
    219.0,
    186.0,
    184.0,
    167.0,
    188.0,
    200.0,
    198.0,
    152.0,
    172.0,
    173.0,
    134.0,
    129.0,
    76.0,
    213.0,
    61.0,
    0.0,
    0.0,
    31.0,
    38.0,
    36.0,
    54.0,
    19.0,
    53.0,
    41.0,
    77.0,
    43.0,
    26.0,
    32.0,
    57.0,
    40.0,
    32.0,
    39.0,
    43.0,
    8.0,
    0.0,
    24.0
  ],
  "diffhz_log": [
    [
      10000,
      0.9845,
      0.9834885001182556
    ],
    [
      20000,
      0.9775,
      0.9767722487449646
    ],
    [
      30000,
      0.9515,
      0.9503749012947083
    ],
    [
      40000,
      0.9375,
      0.9366015791893005
    ],
    [
      50000,
      0.925,
      0.9244245886802673
    ],
    [
      60000,
      0.918,
      0.9170159697532654
    ],
    [
      70000,
      0.9125,
      0.9115198254585266
    ],
    [
      80000,
      0.9155,
      0.9148653745651245
    ],
    [
      90000,
      0.895,
      0.8942842483520508
    ],
    [
      100000,
      0.9,
      0.8989242911338806
    ]
  ],
  "lambda_log": [
    [
      999,
      0.0
    ],
    [
      1999,
      0.0
    ],
    [
      2999,
      0.0
    ],
    [
      3999,
      0.0
    ],
    [
      4999,
      0.0
    ],
    [
      5999,
      0.0
    ],
    [
      6999,
      0.0
    ],
    [
      7999,
      0.0
    ],
    [
      8999,
      0.0
    ],
    [
      9999,
      0.0
    ],
    [
      10999,
      0.0
    ],
    [
      11999,
      0.0
    ],
    [
      12999,
      0.0
    ],
    [
      13999,
      0.0
    ],
    [
      14999,
      0.0
    ],
    [
      15999,
      0.0
    ],
    [
      16999,
      0.0
    ],
    [
      17999,
      0.0
    ],
    [
      18999,
      0.0
    ],
    [
      19999,
      0.0
    ],
    [
      20999,
      0.0
    ],
    [
      21999,
      0.0
    ],
    [
      22999,
      0.0
    ],
    [
      23999,
      0.0
    ],
    [
      24999,
      0.0
    ],
    [
      25999,
      0.0
    ],
    [
      26999,
      0.0
    ],
    [
      27999,
      0.0
    ],
    [
      28999,
      0.0
    ],
    [
      29999,
      0.0
    ],
    [
      30999,
      0.0
    ],
    [
      31999,
      0.0
    ],
    [
      32999,
      0.0
    ],
    [
      33999,
      0.0
    ],
    [
      34999,
      0.0
    ],
    [
      35999,
      0.0
    ],
    [
      36999,
      0.0
    ],
    [
      37999,
      0.0
    ],
    [
      38999,
      0.0
    ],
    [
      39999,
      0.0
    ],
    [
      40999,
      0.0
    ],
    [
      41999,
      0.0
    ],
    [
      42999,
      0.0
    ],
    [
      43999,
      0.0
    ],
    [
      44999,
      0.0
    ],
    [
      45999,
      0.0
    ],
    [
      46999,
      0.0
    ],
    [
      47999,
      0.0
    ],
    [
      48999,
      0.0
    ],
    [
      49999,
      0.0
    ],
    [
      50999,
      0.0
    ],
    [
      51999,
      0.0
    ],
    [
      52999,
      0.0
    ],
    [
      53999,
      0.0
    ],
    [
      54999,
      0.0
    ],
    [
      55999,
      0.0
    ],
    [
      56999,
      0.0
    ],
    [
      57999,
      0.0
    ],
    [
      58999,
      0.0
    ],
    [
      59999,
      0.0
    ],
    [
      60999,
      0.0
    ],
    [
      61999,
      0.0
    ],
    [
      62999,
      0.0
    ],
    [
      63999,
      0.0
    ],
    [
      64999,
      0.0
    ],
    [
      65999,
      0.0
    ],
    [
      66999,
      0.0
    ],
    [
      67999,
      0.0
    ],
    [
      68999,
      0.0
    ],
    [
      69999,
      0.0
    ],
    [
      70999,
      0.0
    ],
    [
      71999,
      0.0
    ],
    [
      72999,
      0.0
    ],
    [
      73999,
      0.0
    ],
    [
      74999,
      0.0
    ],
    [
      75999,
      0.0
    ],
    [
      76999,
      0.0
    ],
    [
      77999,
      0.0
    ],
    [
      78999,
      0.0
    ],
    [
      79999,
      0.0
    ],
    [
      80999,
      0.0
    ],
    [
      81999,
      0.0
    ],
    [
      82999,
      0.0
    ],
    [
      83999,
      0.0
    ],
    [
      84999,
      0.0
    ],
    [
      85999,
      0.0
    ],
    [
      86999,
      0.0
    ],
    [
      87999,
      0.0
    ],
    [
      88999,
      0.0
    ],
    [
      89999,
      0.0
    ],
    [
      90999,
      0.0
    ],
    [
      91999,
      0.0
    ],
    [
      92999,
      0.0
    ],
    [
      93999,
      0.0
    ],
    [
      94999,
      0.0
    ],
    [
      95999,
      0.0
    ],
    [
      96999,
      0.0
    ],
    [
      97999,
      0.0
    ],
    [
      98999,
      0.0
    ],
    [
      99999,
      0.0
    ]
  ],
  "seed": 456,
  "env_name": "walker-walk-v0",
  "use_rare_buffer": false,
  "use_lagrangian": false,
  "velocity_threshold": 3.0,
  "height_threshold": 1.0,
  "method": "pgr",
  "total_steps": 100001,
  "complete": true
}