{
  "episode_rewards": [
    28.037424285529713,
    31.089525086839267,
    28.551366305510612,
    34.40465599005149,
    32.96677555796392,
    30.793212957506775,
    38.19207710157968,
    30.18176917722423,
    30.147651413802976,
    29.654169512501536,
    31.27772950572404,
    30.291953365662735,
    28.607846205757557,
    31.298643104802217,
    33.91085923757754,
    31.588703334576884,
    31.868930150423957,
    111.01578103180265,
    36.38500271027156,
    120.25735233936608,
    116.26696724942951,
    156.62706000904387,
    145.84990980975107,
    334.23901826632965,
    305.8713559716296,
    289.8173209095574,
    361.33159231043544,
    228.3297584953659,
    304.98704021910373,
    415.6265186283957,
    373.47265975006246,
    570.1404371821628,
    548.1779180076242,
    204.87082908749858,
    208.61791587786266,
    181.39656373978596,
    222.0870854262331,
    202.93644613400946,
    218.616271091946,
    236.2039340519904,
    278.6338307928172,
    169.74827917006962,
    174.53895520227886,
    189.5311697334817,
    275.75675031032637,
    224.82457057697255,
    184.49187026160953,
    184.6358074861669,
    172.3209159714981,
    179.57222427665036,
    211.71211719661338,
    351.4056089508555,
    206.66970671174462,
    194.13555299826257,
    198.82786560737847,
    181.20595735794456,
    190.96921942641083,
    232.91737661427427,
    190.19572753691327,
    238.88313375105818,
    218.10402689221542,
    246.47169694210876,
    185.87377256952666,
    194.23887453415503,
    197.7728009498248,
    193.55642627292286,
    197.58364232262014,
    213.54776377762605,
    385.18278448760657,
    283.7555265815207,
    199.8391551875888,
    188.8249650044864,
    183.19819234845423,
    185.78033029831468,
    222.31685697573357,
    192.4141367483042,
    205.66752863478655,
    206.17836499125136,
    175.26304353165466,
    211.32381267381436,
    208.55297952127094,
    199.1455639097854,
    215.8530160124473,
    213.12700102199685,
    247.88966975352534,
    207.81645704271213,
    343.46245596476166,
    217.63824840502207,
    210.3810816047292,
    177.9250137616319,
    199.0828475384673,
    201.7867812288156,
    210.79896959872914,
    185.56550371586096,
    197.1445240018024,
    190.68511368513145,
    194.2465015954115,
    211.65637084289534,
    187.47920706237437,
    190.44635024285105
  ],
  "episode_costs": [
    991.0,
    991.0,
    991.0,
    990.0,
    991.0,
    991.0,
    988.0,
    989.0,
    991.0,
    991.0,
    993.0,
    991.0,
    989.0,
    991.0,
    989.0,
    990.0,
    989.0,
    986.0,
    990.0,
    954.0,
    916.0,
    910.0,
    808.0,
    708.0,
    569.0,
    471.0,
    509.0,
    569.0,
    380.0,
    360.0,
    343.0,
    298.0,
    225.0,
    21.0,
    99.0,
    67.0,
    17.0,
    56.0,
    124.0,
    96.0,
    60.0,
    0.0,
    0.0,
    28.0,
    45.0,
    16.0,
    58.0,
    16.0,
    25.0,
    0.0,
    0.0,
    0.0,
    23.0,
    20.0,
    30.0,
    40.0,
    48.0,
    14.0,
    26.0,
    25.0,
    30.0,
    26.0,
    105.0,
    30.0,
    23.0,
    6.0,
    0.0,
    0.0,
    29.0,
    25.0,
    36.0,
    24.0,
    25.0,
    37.0,
    1.0,
    27.0,
    53.0,
    22.0,
    67.0,
    26.0,
    2.0,
    16.0,
    29.0,
    33.0,
    0.0,
    4.0,
    29.0,
    23.0,
    27.0,
    37.0,
    36.0,
    25.0,
    23.0,
    25.0,
    24.0,
    0.0,
    0.0,
    0.0,
    0.0,
    17.0
  ],
  "diffhz_log": [
    [
      10000,
      0.9885,
      0.98766028881073
    ],
    [
      20000,
      0.9815,
      0.9806821346282959
    ],
    [
      30000,
      0.7455,
      0.7450829148292542
    ],
    [
      40000,
      0.7815,
      0.7810263633728027
    ],
    [
      50000,
      0.7745,
      0.7741256356239319
    ],
    [
      60000,
      0.7795,
      0.7788699269294739
    ],
    [
      70000,
      0.7625,
      0.7618970274925232
    ],
    [
      80000,
      0.7565,
      0.7559686303138733
    ],
    [
      90000,
      0.775,
      0.7741519808769226
    ],
    [
      100000,
      0.776,
      0.7756890058517456
    ]
  ],