{
  "episode_rewards": [
    33.105135984161016,
    36.252306095646084,
    33.39350819059967,
    31.131095368843233,
    35.95484910606656,
    33.76984338538021,
    31.905429461644815,
    38.0868254452751,
    32.2829529477772,
    34.7125859814131,
    37.073388491549174,
    56.931970979085534,
    64.50839163139719,
    68.70283225752647,
    103.60556324693769,
    26.91576637363782,
    78.6034366475285,
    184.18105617175473,
    189.59596868418316,
    277.47988447691796,
    291.8430107908097,
    281.5786076979085,
    233.391003100454,
    222.96717155284904,
    247.3935055875507,
    310.6049728804366,
    258.5544585193249,
    218.41790906772718,
    263.1865488591066,
    358.9052314025456,
    272.0997318302997,
    406.89684259071487,
    521.626717496189,
    514.2393373971707,
    507.1891103069318,
    524.8739537644908,
    469.2161631419105,
    529.071136071107,
    633.7911433860958,
    639.5760125976851,
    580.4862984004867,
    686.5064455832904,
    700.2386474179849,
    690.4064319702065,
    705.3739141900356,
    640.200739106563,
    700.7564091116676,
    663.9984243498251,
    703.3366650454591,
    778.6276113562823,
    739.9874127281304,
    718.5134989430582,
    726.9907090116016,
    751.6996291212754,
    706.8060012378897,
    796.3670117331613,
    810.6009952638527,
    841.5191527734979,
    789.6782826025964,
    745.9108861215254,
    828.1751290793655,
    755.786327084381,
    792.286502596413,
    818.9797940476603,
    848.4361020779176,
    851.6377563908214,
    838.2708630385639,
    878.5747430486023,
    894.3464437195574,
    892.1355702389216,
    883.72751464873,
    879.1825742607566,
    886.3050755277175,
    888.4906072900087,
    887.9111098230485,
    930.4363656301412,
    878.8312552994015,
    893.5648727312148,
    907.2583506795288,
    913.3225233361893,
    894.5488110445942,
    868.1428658447128,
    809.720838182396,
    853.3553089262466,
    903.4510796582491,
    883.9281630190593,
    847.2333577215894,
    910.4705672842163,
    920.4896727710603,
    898.4859487153128,
    878.6218432402151,
    889.3834553641277,
    900.40504752653,
    895.2155222147559,
    931.3735408704102,
    933.4356588118886,
    898.0805750117989,
    930.7204858725738,
    946.4500634314143,
    928.1618396427688
  ],
  "episode_costs": [
    990.0,
    991.0,
    991.0,
    991.0,
    990.0,
    994.0,
    990.0,
    992.0,
    992.0,
    992.0,
    990.0,
    985.0,
    975.0,
    979.0,
    938.0,
    990.0,
    951.0,
    831.0,
    403.0,
    574.0,
    408.0,
    145.0,
    71.0,
    101.0,
    79.0,
    280.0,
    40.0,
    155.0,
    18.0,
    0.0,
    39.0,
    56.0,
    88.0,
    135.0,
    97.0,
    70.0,
    216.0,
    16.0,
    0.0,
    23.0,
    71.0,
    9.0,
    59.0,
    31.0,
    34.0,
    160.0,
    65.0,
    55.0,
    0.0,
    0.0,
    25.0,
    26.0,
    39.0,
    47.0,
    50.0,
    25.0,
    29.0,
    32.0,
    33.0,
    53.0,
    29.0,
    26.0,
    52.0,
    50.0,
    60.0,
    40.0,
    31.0,
    0.0,
    0.0,
    21.0,
    14.0,
    15.0,
    15.0,
    32.0,
    48.0,
    0.0,
    24.0,
    41.0,
    25.0,
    21.0,
    0.0,
    24.0,
    61.0,
    39.0,
    25.0,
    30.0,
    75.0,
    0.0,
    25.0,
    0.0,
    0.0,
    24.0,
    28.0,
    31.0,
    28.0,
    10.0,
    29.0,
    25.0,
    0.0,
    27.0
  ],
  "diffhz_log": [
    [
      10000,
      0.985,
      0.9834616780281067
    ],
    [
      20000,
      0.9265,
      0.9253318905830383
    ],
    [
      30000,
      0.8865,
      0.8849173188209534
    ],
    [
      40000,
      0.8605,
      0.8591981530189514
    ],
    [
      50000,
      0.8725,
      0.8713971972465515
    ],
    [
      60000,
      0.8945,
      0.8929771184921265
    ],
    [
      70000,
      0.8855,
      0.8839792609214783
    ],
    [
      80000,
      0.891,
      0.8891838192939758
    ],
    [
      90000,
      0.87,
      0.8684189319610596
    ],
    [
      100000,
      0.8465,
      0.8449731469154358
    ]
  ],