{
  "episode_rewards": [
    33.105135984161016,
    36.252306095646084,
    33.39350819059967,
    31.131095368843233,
    35.95484910606656,
    34.6041571002429,
    32.71168088157625,
    35.34066422328381,
    29.486554118491203,
    31.240702685999103,
    34.84498950677864,
    42.39393166726995,
    40.28543276234147,
    30.721281241425288,
    47.70040168715377,
    180.00040484466243,
    73.16720577291898,
    442.2376768310548,
    96.3535916764186,
    377.3082573377188,
    543.3060593010272,
    568.1213038481569,
    605.257854551007,
    569.8934584089309,
    685.3076708292248,
    597.1766856704804,
    631.6198239180408,
    705.3645755043497,
    735.9797569997567,
    753.967088552054,
    922.2554755081876,
    904.5268146063337,
    926.3372297544546,
    943.5168454289532,
    950.4439350090333,
    907.218132787011,
    894.6303099021235,
    969.7265803622976,
    903.4449187529638,
    934.4727958856497,
    944.6422077768859,
    983.0651325842853,
    916.0185457091452,
    944.3492338980734,
    954.0178867820443,
    833.7042269063516,
    933.6479702066026,
    889.4592098772738,
    957.528482829676,
    972.1707858919768,
    977.9458027252635,
    947.8804780332159,
    955.600810925862,
    919.579444552921,
    905.5533594651213,
    907.289407256645,
    975.4996448013801,
    919.7442924126462,
    943.0440220787036,
    793.6652098695998,
    944.0083004292812,
    926.9254841773281,
    858.783952522779,
    935.898590255043,
    945.1338225442711,
    871.8158764769339,
    959.4956468352651,
    976.696418875892,
    960.2878117640981,
    955.2401511139635,
    946.1125774864895,
    958.1944592957951,
    944.8344458935452,
    951.3211043802384,
    944.6369612432993,
    969.8001987879007,
    946.7503373746883,
    956.0779381683024,
    899.6591660161508,
    929.9526551010716,
    942.7495916164235,
    956.6762243157661,
    962.1818610416569,
    934.3256583526579,
    928.9958879714087,
    976.738736830465,
    950.7961735464662,
    979.8261287890857,
    954.2643209098026,
    925.3019979654144,
    970.6091612892648,
    923.6670904787628,
    942.5122209971682,
    958.0198649384771,
    927.744912368165,
    978.2182526635206,
    938.7713082274825,
    932.9646922233426,
    945.8362862028015,
    933.8870762031463
  ],
  "episode_costs": [
    990.0,
    991.0,
    991.0,
    991.0,
    990.0,
    994.0,
    990.0,
    992.0,
    993.0,
    991.0,
    988.0,
    986.0,
    990.0,
    992.0,
    991.0,
    962.0,
    989.0,
    700.0,
    947.0,
    650.0,
    488.0,
    383.0,
    297.0,
    384.0,
    332.0,
    243.0,
    175.0,
    86.0,
    42.0,
    38.0,
    25.0,
    25.0,
    26.0,
    0.0,
    30.0,
    34.0,
    0.0,
    0.0,
    46.0,
    31.0,
    0.0,
    0.0,
    66.0,
    22.0,
    34.0,
    0.0,
    32.0,
    0.0,
    0.0,
    0.0,
    0.0,
    25.0,
    28.0,
    47.0,
    61.0,
    72.0,
    0.0,
    27.0,
    27.0,
    61.0,
    24.0,
    24.0,
    111.0,
    29.0,
    22.0,
    67.0,
    22.0,
    0.0,
    0.0,
    27.0,
    26.0,
    27.0,
    31.0,
    30.0,
    32.0,
    0.0,
    23.0,
    0.0,
    26.0,
    23.0,
    31.0,
    23.0,
    0.0,
    23.0,
    51.0,
    0.0,
    34.0,
    0.0,
    23.0,
    30.0,
    0.0,
    27.0,
    19.0,
    27.0,
    28.0,
    0.0,
    25.0,
    32.0,
    0.0,
    25.0
  ],
  "diffhz_log": [
    [
      10000,
      0.9795,
      0.9779579043388367
    ],
    [
      20000,
      0.9,
      0.8991045951843262
    ],
    [
      30000,
      0.745,
      0.7443916201591492
    ],
    [
      40000,
      0.8715,
      0.870169460773468
    ],
    [
      50000,
      0.9125,
      0.9110687375068665
    ],
    [
      60000,
      0.9075,
      0.9058060050010681
    ],
    [
      70000,
      0.909,
      0.9072230458259583
    ],
    [
      80000,
      0.9225,
      0.9208624958992004
    ],
    [
      90000,
      0.9075,
      0.90592360496521
    ],
    [
      100000,
      0.904,
      0.9020503759384155
    ]
  ],