{
  "episode_rewards": [
    27.51714624291901,
    36.38100183663861,
    27.658466379345242,
    33.70947586980127,
    31.06584165859065,
    32.503849216715054,
    38.55643197478652,
    26.418082934328496,
    32.43288705704197,
    34.59795238364854,
    36.28219003966615,
    31.64399674591889,
    30.444660803564897,
    27.7585103278035,
    31.32498502862726,
    58.91328223002311,
    27.523995951275644,
    49.14519824670281,
    49.97404397234688,
    34.09863128801148,
    45.10561510993619,
    77.61222959434961,
    54.12476851146626,
    58.115806031853126,
    93.80541366760175,
    145.57332309009888,
    154.72433073821242,
    178.18979615886218,
    181.38955507060962,
    172.24271539629066,
    223.66453959876938,
    133.0796682077525,
    205.8731990676483,
    242.44037599481953,
    195.85246484729913,
    217.5580192686616,
    249.96857825621316,
    265.04694275763427,
    284.24382543520994,
    212.86389557223305,
    239.9646922479794,
    266.1209188119022,
    237.64193233134603,
    262.64822999936115,
    257.7018246824051,
    284.59926436126364,
    284.9651997679791,
    297.01350054262286,
    329.48862024143654,
    307.20123519115367,
    299.42016003921543,
    311.1380105138706,
    301.88172175890605,
    369.1964726388322,
    365.8429599123191,
    395.1939509867228,
    334.7705137067622,
    383.8172672132564,
    352.51881343521023,
    414.26490117459224,
    337.6715678356235,
    387.1842235234301,
    387.36913082306177,
    395.19988610042975,
    457.29233256325193,
    407.74115630811036,
    445.607774889849,
    464.06646134039534,
    476.97157996003,
    446.3773773135808,
    423.45384574371076,
    435.7238028981263,
    443.07823644988054,
    455.3032169415821,
    498.5004288325763,
    481.17583845822384,
    505.2916557998865,
    537.8177269079191,
    529.931864364263,
    519.0494504666534,
    544.5580835462471,
    506.25846479393937,
    559.2223595338935,
    548.4457045250754,
    571.7835538724303,
    559.048877187055,
    599.2284053120623,
    586.7630704131982,
    623.409201307657,
    517.5959310782504,
    578.9194499612861,
    598.9452286325519,
    610.5961870084624,
    597.4967538221906,
    626.8368496265858,
    622.5329374729337,
    697.4438426222517,
    697.9672137710344,
    713.5471151770747,
    695.2241533404995
  ],
  "episode_costs": [
    991.0,
    991.0,
    991.0,
    990.0,
    991.0,
    991.0,
    994.0,
    989.0,
    991.0,
    991.0,
    993.0,
    991.0,
    990.0,
    992.0,
    988.0,
    991.0,
    991.0,
    968.0,
    990.0,
    991.0,
    990.0,
    932.0,
    924.0,
    988.0,
    973.0,
    260.0,
    417.0,
    243.0,
    607.0,
    95.0,
    35.0,
    649.0,
    95.0,
    30.0,
    31.0,
    28.0,
    167.0,
    122.0,
    58.0,
    55.0,
    25.0,
    0.0,
    0.0,
    76.0,
    27.0,
    50.0,
    52.0,
    23.0,
    57.0,
    0.0,
    0.0,
    21.0,
    28.0,
    116.0,
    30.0,
    58.0,
    108.0,
    28.0,
    30.0,
    26.0,
    101.0,
    106.0,
    32.0,
    27.0,
    23.0,
    45.0,
    14.0,
    26.0,
    25.0,
    61.0,
    82.0,
    29.0,
    30.0,
    26.0,
    12.0,
    43.0,
    28.0,
    24.0,
    34.0,
    28.0,
    0.0,
    27.0,
    18.0,
    52.0,
    0.0,
    34.0,
    26.0,
    24.0,
    25.0,
    85.0,
    21.0,
    24.0,
    22.0,
    40.0,
    23.0,
    25.0,
    16.0,
    14.0,
    0.0,
    0.0
  ],
  "diffhz_log": [
    [
      10000,
      0.9855,
      0.9839102625846863
    ],
    [
      20000,
      0.979,
      0.9777778387069702
    ],
    [
      30000,
      0.891,
      0.8900138735771179
    ],
    [
      40000,
      0.8075,
      0.8070260286331177
    ],
    [
      50000,
      0.8175,
      0.816204845905304
    ],
    [
      60000,
      0.851,
      0.8497319221496582
    ],
    [
      70000,
      0.8585,
      0.8564535975456238
    ],
    [
      80000,
      0.8655,
      0.8639470338821411
    ],
    [
      90000,
      0.8665,
      0.8649608492851257
    ],
    [
      100000,
      0.8425,
      0.8409004807472229
    ]
  ],