{
  "episode_rewards": [
    35.29082529742229,
    38.591460225709646,
    33.335006660592114,
    29.957358021933185,
    35.11081325633473,
    40.13717914645839,
    29.657014962563824,
    30.253130943125555,
    31.647820327661808,
    31.734022187429055,
    43.27507008205595,
    48.742498290661736,
    34.89002104758131,
    28.987470387258185,
    48.13975722403741,
    61.47332609252011,
    32.30578980556081,
    79.59467478700462,
    100.16204792113633,
    30.658643815265766,
    140.55084534146522,
    30.71782535638244,
    190.47971320769818,
    29.917298175820736,
    29.2127664319276,
    52.58347295603299,
    91.99386629995965,
    231.83725198520864,
    192.10154496222458,
    84.08896025614594,
    294.89875775159084,
    283.7324443234076,
    200.61555854958618,
    383.4776181944333,
    353.501563440667,
    432.4145612718058,
    412.3137776070876,
    435.1446505308727,
    500.3018766485743,
    334.40328799622307,
    405.8309529736644,
    500.4699968253508,
    515.6808560327012,
    501.44093888798875,
    541.1432690352228,
    567.2338605380202,
    473.63292206773167,
    627.6145843500553,
    697.8822558577689,
    663.8087018119866,
    684.7935559983799,
    721.0105989104427,
    708.675667033145,
    690.97947250523,
    769.7428488038599,
    637.3498514871123,
    625.0032171629881,
    715.1756930229666,
    620.9248567498514,
    715.3559662540293,
    753.1688718773199,
    801.9768818982263,
    808.9740178191638,
    779.0161148171945,
    814.9495811147245,
    930.8363640116532,
    955.582274076546,
    976.4366177567973,
    961.5619414386558,
    957.7987857135272,
    975.8131949927467,
    944.4419767247838,
    960.6970997137074,
    925.1083789654605,
    943.8235290201999,
    980.8508794934246,
    947.5875023831533,
    948.8620570617908,
    960.0533787068656,
    943.2703491194038,
    981.0582019405986,
    959.6016130926296,
    956.1430740202692,
    955.0743850357682,
    956.7474493514497,
    960.8327626033073,
    906.9205970318079,
    981.863660218308,
    955.6628057922647,
    939.2428828946792,
    987.476490569868,
    928.8683553064311,
    934.3419544838896,
    962.5497851769517,
    956.1718968216916,
    985.561423905186,
    952.7262863130064,
    917.4032300547849,
    951.2772286898359,
    954.7786711458864
  ],
  "episode_costs": [
    990.0,
    991.0,
    991.0,
    991.0,
    990.0,
    992.0,
    991.0,
    991.0,
    990.0,
    991.0,
    991.0,
    990.0,
    990.0,
    991.0,
    991.0,
    991.0,
    989.0,
    992.0,
    965.0,
    987.0,
    991.0,
    987.0,
    991.0,
    993.0,
    991.0,
    953.0,
    834.0,
    791.0,
    712.0,
    956.0,
    944.0,
    816.0,
    924.0,
    782.0,
    743.0,
    701.0,
    755.0,
    812.0,
    617.0,
    723.0,
    704.0,
    561.0,
    601.0,
    555.0,
    333.0,
    423.0,
    374.0,
    437.0,
    363.0,
    440.0,
    403.0,
    387.0,
    327.0,
    392.0,
    211.0,
    516.0,
    401.0,
    207.0,
    28.0,
    38.0,
    72.0,
    155.0,
    88.0,
    168.0,
    186.0,
    57.0,
    26.0,
    0.0,
    0.0,
    24.0,
    14.0,
    55.0,
    38.0,
    81.0,
    41.0,
    0.0,
    27.0,
    33.0,
    27.0,
    44.0,
    0.0,
    26.0,
    30.0,
    27.0,
    30.0,
    31.0,
    82.0,
    0.0,
    33.0,
    36.0,
    0.0,
    53.0,
    55.0,
    35.0,
    35.0,
    0.0,
    28.0,
    71.0,
    30.0,
    28.0
  ],
  "diffhz_log": [],
  "lambda_log": [
    [
      999,
      0.0
    ],
    [
      1999,
      0.0
    ],
    [
      2999,
      0.0
    ],
    [
      3999,
      0.0
    ],
    [
      4999,
      0.0
    ],
    [
      5999,
      0.0
    ],
    [
      6999,
      0.0
    ],
    [
      7999,
      0.0
    ],
    [
      8999,
      0.0
    ],
    [
      9999,
      0.0
    ],
    [
      10999,
      0.0
    ],
    [
      11999,
      0.0
    ],
    [
      12999,
      0.0
    ],
    [
      13999,
      0.0
    ],
    [
      14999,
      0.0
    ],
    [
      15999,
      0.0
    ],
    [
      16999,
      0.0
    ],
    [
      17999,
      0.0
    ],
    [
      18999,
      0.0
    ],
    [
      19999,
      0.0
    ],
    [
      20999,
      0.0
    ],
    [
      21999,
      0.0
    ],
    [
      22999,
      0.0
    ],
    [
      23999,
      0.0
    ],
    [
      24999,
      0.0
    ],
    [
      25999,
      0.0
    ],
    [
      26999,
      0.0
    ],
    [
      27999,
      0.0
    ],
    [
      28999,
      0.0
    ],
    [
      29999,
      0.0
    ],
    [
      30999,
      0.0
    ],
    [
      31999,
      0.0
    ],
    [
      32999,
      0.0
    ],
    [
      33999,
      0.0
    ],
    [
      34999,
      0.0
    ],
    [
      35999,
      0.0
    ],
    [
      36999,
      0.0
    ],
    [
      37999,
      0.0
    ],
    [
      38999,
      0.0
    ],
    [
      39999,
      0.0
    ],
    [
      40999,
      0.0
    ],
    [
      41999,
      0.0
    ],
    [
      42999,
      0.0
    ],
    [
      43999,
      0.0
    ],
    [
      44999,
      0.0
    ],
    [
      45999,
      0.0
    ],
    [
      46999,
      0.0
    ],
    [
      47999,
      0.0
    ],
    [
      48999,
      0.0
    ],
    [
      49999,
      0.0
    ],
    [
      50999,
      0.0
    ],
    [
      51999,
      0.0
    ],
    [
      52999,
      0.0
    ],
    [
      53999,
      0.0
    ],
    [
      54999,
      0.0
    ],
    [
      55999,
      0.0
    ],
    [
      56999,
      0.0
    ],
    [
      57999,
      0.0
    ],
    [
      58999,
      0.0
    ],
    [
      59999,
      0.0
    ],
    [
      60999,
      0.0
    ],
    [
      61999,
      0.0
    ],
    [
      62999,
      0.0
    ],
    [
      63999,
      0.0
    ],
    [
      64999,
      0.0
    ],
    [
      65999,
      0.0
    ],
    [
      66999,
      0.0
    ],
    [
      67999,
      0.0
    ],
    [
      68999,
      0.0
    ],
    [
      69999,
      0.0
    ],
    [
      70999,
      0.0
    ],
    [
      71999,
      0.0
    ],
    [
      72999,
      0.0
    ],
    [
      73999,
      0.0
    ],
    [
      74999,
      0.0
    ],
    [
      75999,
      0.0
    ],
    [
      76999,
      0.0
    ],
    [
      77999,
      0.0
    ],
    [
      78999,
      0.0
    ],
    [
      79999,
      0.0
    ],
    [
      80999,
      0.0
    ],
    [
      81999,
      0.0
    ],
    [
      82999,
      0.0
    ],
    [
      83999,
      0.0
    ],
    [
      84999,
      0.0
    ],
    [
      85999,
      0.0
    ],
    [
      86999,
      0.0
    ],
    [
      87999,
      0.0
    ],
    [
      88999,
      0.0
    ],
    [
      89999,
      0.0
    ],
    [
      90999,
      0.0
    ],
    [
      91999,
      0.0
    ],
    [
      92999,
      0.0
    ],
    [
      93999,
      0.0
    ],
    [
      94999,
      0.0
    ],
    [
      95999,
      0.0
    ],
    [
      96999,
      0.0
    ],
    [
      97999,
      0.0
    ],
    [
      98999,
      0.0
    ],
    [
      99999,
      0.0
    ]
  ],
  "seed": 123,
  "env_name": "walker-walk-v0",
  "use_rare_buffer": false,
  "use_lagrangian": false,
  "velocity_threshold": 3.0,
  "height_threshold": 1.0,
  "method": "sac",
  "total_steps": 100001,
  "complete": true
}