{
  "episode_rewards": [
    28.037424285529713,
    31.089525086839267,
    28.551366305510612,
    34.40465599005149,
    32.96677555796392,
    28.86272614995116,
    38.48132729673162,
    30.364827060933802,
    35.13883156019991,
    34.724637294565525,
    35.51428266678438,
    31.71521020647324,
    31.745615439213164,
    30.884804623430725,
    37.345898978931395,
    30.961020587675005,
    31.57200431040459,
    30.72312057720133,
    34.769704660703646,
    58.747827178580025,
    31.774804454372752,
    75.25734236517987,
    53.55509765382421,
    41.16831308003913,
    81.75599978193115,
    88.2941196831836,
    132.4831487175545,
    52.08452734288661,
    68.75999132587644,
    73.38252008803224,
    76.10817223359714,
    117.66831514712578,
    41.59180103823079,
    141.0010883999906,
    107.02910495063931,
    238.9252039891747,
    65.19700661796965,
    92.64881354079257,
    323.9575865520655,
    348.70843846561974,
    135.97335360672307,
    80.99678754492216,
    155.14950469202563,
    139.18814159788846,
    453.25795631321995,
    459.9369896064339,
    161.52740983637455,
    452.0748986301296,
    476.8351041476355,
    471.6969099039567,
    516.6678193954232,
    481.7349017575904,
    452.9414520272269,
    485.066941295855,
    424.8819795915079,
    155.84859723370982,
    514.673463628637,
    577.6853566199919,
    560.0411278101528,
    189.27249785746378,
    182.38902763486638,
    581.5029940458155,
    594.2207136244677,
    603.1217644259733,
    552.8153649532989,
    603.3230738633799,
    610.3524112404212,
    432.84879015178683,
    600.1468912634571,
    559.3528421779366,
    633.2393485670021,
    628.2728560679504,
    13.815202292300306,
    597.0073698352804,
    657.8713313985418,
    210.37577904128793,
    185.56409665864535,
    624.8951259511236,
    615.0543533501349,
    650.01114481168,
    638.7075045934228,
    631.3385552324786,
    647.1406972041842,
    183.46396961001273,
    647.9789097504403,
    661.46506624574,
    640.3316229053434,
    649.9605864638178,
    28.340186853770632,
    645.5839877970294,
    676.7347569887594,
    652.4511443647413,
    648.5936923308767,
    692.3515812416047,
    680.8162562337359,
    668.900023313829,
    676.0514299176864,
    687.0262992893288,
    708.944393094906,
    674.4779793024697
  ],
  "episode_costs": [
    991.0,
    991.0,
    991.0,
    990.0,
    991.0,
    990.0,
    993.0,
    989.0,
    991.0,
    990.0,
    991.0,
    992.0,
    990.0,
    991.0,
    992.0,
    990.0,
    990.0,
    990.0,
    989.0,
    978.0,
    990.0,
    992.0,
    990.0,
    992.0,
    991.0,
    991.0,
    991.0,
    990.0,
    991.0,
    990.0,
    979.0,
    967.0,
    991.0,
    989.0,
    990.0,
    909.0,
    986.0,
    989.0,
    917.0,
    947.0,
    989.0,
    976.0,
    969.0,
    988.0,
    659.0,
    511.0,
    990.0,
    678.0,
    562.0,
    692.0,
    582.0,
    658.0,
    862.0,
    743.0,
    600.0,
    989.0,
    688.0,
    591.0,
    580.0,
    990.0,
    990.0,
    509.0,
    467.0,
    398.0,
    476.0,
    417.0,
    435.0,
    685.0,
    499.0,
    509.0,
    456.0,
    454.0,
    992.0,
    484.0,
    432.0,
    801.0,
    849.0,
    476.0,
    468.0,
    439.0,
    445.0,
    443.0,
    407.0,
    855.0,
    449.0,
    437.0,
    470.0,
    467.0,
    988.0,
    477.0,
    431.0,
    465.0,
    476.0,
    410.0,
    425.0,
    448.0,
    452.0,
    436.0,
    384.0,
    451.0
  ],
  "diffhz_log": [],
  "lambda_log": [
    [
      999,
      0.0
    ],
    [
      1999,
      0.0
    ],
    [
      2999,
      0.0
    ],
    [
      3999,
      0.0
    ],
    [
      4999,
      0.0
    ],
    [
      5999,
      0.0
    ],
    [
      6999,
      0.0
    ],
    [
      7999,
      0.0
    ],
    [
      8999,
      0.0
    ],
    [
      9999,
      0.0
    ],
    [
      10999,
      0.0
    ],
    [
      11999,
      0.0
    ],
    [
      12999,
      0.0
    ],
    [
      13999,
      0.0
    ],
    [
      14999,
      0.0
    ],
    [
      15999,
      0.0
    ],
    [
      16999,
      0.0
    ],
    [
      17999,
      0.0
    ],
    [
      18999,
      0.0
    ],
    [
      19999,
      0.0
    ],
    [
      20999,
      0.0
    ],
    [
      21999,
      0.0
    ],
    [
      22999,
      0.0
    ],
    [
      23999,
      0.0
    ],
    [
      24999,
      0.0
    ],
    [
      25999,
      0.0
    ],
    [
      26999,
      0.0
    ],
    [
      27999,
      0.0
    ],
    [
      28999,
      0.0
    ],
    [
      29999,
      0.0
    ],
    [
      30999,
      0.0
    ],
    [
      31999,
      0.0
    ],
    [
      32999,
      0.0
    ],
    [
      33999,
      0.0
    ],
    [
      34999,
      0.0
    ],
    [
      35999,
      0.0
    ],
    [
      36999,
      0.0
    ],
    [
      37999,
      0.0
    ],
    [
      38999,
      0.0
    ],
    [
      39999,
      0.0
    ],
    [
      40999,
      0.0
    ],
    [
      41999,
      0.0
    ],
    [
      42999,
      0.0
    ],
    [
      43999,
      0.0
    ],
    [
      44999,
      0.0
    ],
    [
      45999,
      0.0
    ],
    [
      46999,
      0.0
    ],
    [
      47999,
      0.0
    ],
    [
      48999,
      0.0
    ],
    [
      49999,
      0.0
    ],
    [
      50999,
      0.0
    ],
    [
      51999,
      0.0
    ],
    [
      52999,
      0.0
    ],
    [
      53999,
      0.0
    ],
    [
      54999,
      0.0
    ],
    [
      55999,
      0.0
    ],
    [
      56999,
      0.0
    ],
    [
      57999,
      0.0
    ],
    [
      58999,
      0.0
    ],
    [
      59999,
      0.0
    ],
    [
      60999,
      0.0
    ],
    [
      61999,
      0.0
    ],
    [
      62999,
      0.0
    ],
    [
      63999,
      0.0
    ],
    [
      64999,
      0.0
    ],
    [
      65999,
      0.0
    ],
    [
      66999,
      0.0
    ],
    [
      67999,
      0.0
    ],
    [
      68999,
      0.0
    ],
    [
      69999,
      0.0
    ],
    [
      70999,
      0.0
    ],
    [
      71999,
      0.0
    ],
    [
      72999,
      0.0
    ],
    [
      73999,
      0.0
    ],
    [
      74999,
      0.0
    ],
    [
      75999,
      0.0
    ],
    [
      76999,
      0.0
    ],
    [
      77999,
      0.0
    ],
    [
      78999,
      0.0
    ],
    [
      79999,
      0.0
    ],
    [
      80999,
      0.0
    ],
    [
      81999,
      0.0
    ],
    [
      82999,
      0.0
    ],
    [
      83999,
      0.0
    ],
    [
      84999,
      0.0
    ],
    [
      85999,
      0.0
    ],
    [
      86999,
      0.0
    ],
    [
      87999,
      0.0
    ],
    [
      88999,
      0.0
    ],
    [
      89999,
      0.0
    ],
    [
      90999,
      0.0
    ],
    [
      91999,
      0.0
    ],
    [
      92999,
      0.0
    ],
    [
      93999,
      0.0
    ],
    [
      94999,
      0.0
    ],
    [
      95999,
      0.0
    ],
    [
      96999,
      0.0
    ],
    [
      97999,
      0.0
    ],
    [
      98999,
      0.0
    ],
    [
      99999,
      0.0
    ]
  ],
  "seed": 456,
  "env_name": "walker-walk-v0",
  "use_rare_buffer": false,
  "use_lagrangian": false,
  "velocity_threshold": 3.0,
  "height_threshold": 1.0,
  "method": "sac",
  "total_steps": 100001,
  "complete": true
}