{
  "episode_rewards": [
    29.172734369863996,
    30.90006082604857,
    30.851891064424695,
    38.484053235019694,
    32.76545054799672,
    30.364733668270368,
    29.69938834432498,
    30.399009315145964,
    29.28506041132601,
    37.39920717669531,
    37.81914104677851,
    29.545327328850618,
    42.36872762417002,
    30.053210030586808,
    30.73687835181164,
    27.463508872977513,
    34.381874161976064,
    31.464696675879793,
    32.39737707464185,
    55.32805541220093,
    44.70146099756603,
    41.070948221464725,
    35.49271613825017,
    60.786156122170325,
    61.45850970499262,
    41.121419469938544,
    33.97477085799142,
    32.008915138042504,
    41.141106274320634,
    83.48999850889756,
    119.08350261402721,
    197.6232662993328,
    235.20414810008853,
    84.24787329064625,
    175.83059108711004,
    36.69193556268892,
    263.8727059821591,
    162.37042142534747,
    256.3669101480301,
    206.36862637786413,
    307.57244029948043,
    51.34895303895966,
    302.131803699501,
    440.90961472184983,
    435.4964559035729,
    431.4245541940986,
    537.0158568790979,
    477.2039797448414,
    412.2310691676573,
    546.9339138700424,
    564.4932042148081,
    502.2105526251152,
    567.9338367763922,
    627.6469026195111,
    628.4286578559655,
    660.9110979907086,
    610.8899191435444,
    614.9577436797013,
    599.5710476725377,
    693.1242684564078,
    691.3823490771916,
    672.9148197034348,
    715.0960500223625,
    711.0049373890558,
    711.7670201121796,
    738.7858792633745,
    744.1698707527789,
    709.0485460006313,
    782.9593962327899,
    817.1356336458696,
    768.5791258548528,
    768.2711693968552,
    766.6738315417896,
    752.3418036917079,
    788.5411208767647,
    800.7981602186226,
    796.2971090548798,
    854.2283888693587,
    876.0179448628778,
    912.9348885974769,
    942.0557817457452,
    957.5555802212439,
    933.4850231274406,
    941.9478877174289,
    944.9478810436633,
    945.3274756030902,
    935.25117349166,
    952.3648198757072,
    924.3936649727126,
    963.2551973511689,
    973.3198659093363,
    821.9347915656749,
    941.2107871385143,
    940.9579416383102,
    937.0148141983698,
    945.2358813343365,
    949.3765970487269,
    930.2588494132315,
    971.4026991834371,
    930.9375124705139
  ],
  "episode_costs": [
    991.0,
    990.0,
    990.0,
    991.0,
    991.0,
    990.0,
    990.0,
    992.0,
    990.0,
    990.0,
    989.0,
    993.0,
    991.0,
    991.0,
    991.0,
    993.0,
    990.0,
    990.0,
    992.0,
    991.0,
    990.0,
    988.0,
    981.0,
    970.0,
    993.0,
    991.0,
    992.0,
    989.0,
    990.0,
    977.0,
    992.0,
    970.0,
    982.0,
    991.0,
    944.0,
    989.0,
    844.0,
    946.0,
    784.0,
    873.0,
    876.0,
    991.0,
    822.0,
    787.0,
    856.0,
    809.0,
    735.0,
    764.0,
    795.0,
    589.0,
    417.0,
    678.0,
    689.0,
    401.0,
    479.0,
    471.0,
    530.0,
    460.0,
    508.0,
    341.0,
    349.0,
    397.0,
    375.0,
    375.0,
    332.0,
    323.0,
    306.0,
    338.0,
    256.0,
    225.0,
    298.0,
    309.0,
    292.0,
    340.0,
    302.0,
    277.0,
    265.0,
    193.0,
    108.0,
    55.0,
    30.0,
    25.0,
    29.0,
    54.0,
    32.0,
    42.0,
    35.0,
    26.0,
    64.0,
    34.0,
    20.0,
    187.0,
    45.0,
    55.0,
    34.0,
    49.0,
    61.0,
    78.0,
    26.0,
    84.0
  ],
  "diffhz_log": [],
  "lambda_log": [
    [
      999,
      0.0
    ],
    [
      1999,
      0.0
    ],
    [
      2999,
      0.0
    ],
    [
      3999,
      0.0
    ],
    [
      4999,
      0.0
    ],
    [
      5999,
      0.0
    ],
    [
      6999,
      0.0
    ],
    [
      7999,
      0.0
    ],
    [
      8999,
      0.0
    ],
    [
      9999,
      0.0
    ],
    [
      10999,
      0.0
    ],
    [
      11999,
      0.0
    ],
    [
      12999,
      0.0
    ],
    [
      13999,
      0.0
    ],
    [
      14999,
      0.0
    ],
    [
      15999,
      0.0
    ],
    [
      16999,
      0.0
    ],
    [
      17999,
      0.0
    ],
    [
      18999,
      0.0
    ],
    [
      19999,
      0.0
    ],
    [
      20999,
      0.0
    ],
    [
      21999,
      0.0
    ],
    [
      22999,
      0.0
    ],
    [
      23999,
      0.0
    ],
    [
      24999,
      0.0
    ],
    [
      25999,
      0.0
    ],
    [
      26999,
      0.0
    ],
    [
      27999,
      0.0
    ],
    [
      28999,
      0.0
    ],
    [
      29999,
      0.0
    ],
    [
      30999,
      0.0
    ],
    [
      31999,
      0.0
    ],
    [
      32999,
      0.0
    ],
    [
      33999,
      0.0
    ],
    [
      34999,
      0.0
    ],
    [
      35999,
      0.0
    ],
    [
      36999,
      0.0
    ],
    [
      37999,
      0.0
    ],
    [
      38999,
      0.0
    ],
    [
      39999,
      0.0
    ],
    [
      40999,
      0.0
    ],
    [
      41999,
      0.0
    ],
    [
      42999,
      0.0
    ],
    [
      43999,
      0.0
    ],
    [
      44999,
      0.0
    ],
    [
      45999,
      0.0
    ],
    [
      46999,
      0.0
    ],
    [
      47999,
      0.0
    ],
    [
      48999,
      0.0
    ],
    [
      49999,
      0.0
    ],
    [
      50999,
      0.0
    ],
    [
      51999,
      0.0
    ],
    [
      52999,
      0.0
    ],
    [
      53999,
      0.0
    ],
    [
      54999,
      0.0
    ],
    [
      55999,
      0.0
    ],
    [
      56999,
      0.0
    ],
    [
      57999,
      0.0
    ],
    [
      58999,
      0.0
    ],
    [
      59999,
      0.0
    ],
    [
      60999,
      0.0
    ],
    [
      61999,
      0.0
    ],
    [
      62999,
      0.0
    ],
    [
      63999,
      0.0
    ],
    [
      64999,
      0.0
    ],
    [
      65999,
      0.0
    ],
    [
      66999,
      0.0
    ],
    [
      67999,
      0.0
    ],
    [
      68999,
      0.0
    ],
    [
      69999,
      0.0
    ],
    [
      70999,
      0.0
    ],
    [
      71999,
      0.0
    ],
    [
      72999,
      0.0
    ],
    [
      73999,
      0.0
    ],
    [
      74999,
      0.0
    ],
    [
      75999,
      0.0
    ],
    [
      76999,
      0.0
    ],
    [
      77999,
      0.0
    ],
    [
      78999,
      0.0
    ],
    [
      79999,
      0.0
    ],
    [
      80999,
      0.0
    ],
    [
      81999,
      0.0
    ],
    [
      82999,
      0.0
    ],
    [
      83999,
      0.0
    ],
    [
      84999,
      0.0
    ],
    [
      85999,
      0.0
    ],
    [
      86999,
      0.0
    ],
    [
      87999,
      0.0
    ],
    [
      88999,
      0.0
    ],
    [
      89999,
      0.0
    ],
    [
      90999,
      0.0
    ],
    [
      91999,
      0.0
    ],
    [
      92999,
      0.0
    ],
    [
      93999,
      0.0
    ],
    [
      94999,
      0.0
    ],
    [
      95999,
      0.0
    ],
    [
      96999,
      0.0
    ],
    [
      97999,
      0.0
    ],
    [
      98999,
      0.0
    ],
    [
      99999,
      0.0
    ]
  ],
  "seed": 42,
  "env_name": "walker-walk-v0",
  "use_rare_buffer": false,
  "use_lagrangian": false,
  "velocity_threshold": 3.0,
  "height_threshold": 1.0,
  "method": "sac",
  "total_steps": 100001,
  "complete": true
}