{
  "episode_rewards": [
    5.781568561898443,
    4.6505872319323265,
    5.710338464873156,
    4.891113934867333,
    2.1319613232803607,
    5.9616657808663,
    3.6076654860348976,
    6.443550968328627,
    2.746005699833817,
    4.802654962769375,
    3.740193835540426,
    4.32830515099242,
    6.422158407037112,
    5.450237883411013,
    16.598799055127145,
    38.647376751289556,
    79.93980200106179,
    94.55166913516462,
    59.85678454392822,
    174.24178752325886,
    60.57013622998723,
    231.9778723956773,
    35.566304054105764,
    272.43287000853917,
    138.21922484125596,
    76.15420043240479,
    222.60635712386568,
    22.642941045552345,
    53.27541621605599,
    56.51811754828751,
    338.7114086241331,
    201.52949794171914,
    105.02658712580458,
    363.24219108998756,
    182.47787247672758,
    358.8154889072228,
    213.74308455978894,
    290.1894002923271,
    276.5212425434512,
    395.71177045809037,
    389.09482950735196,
    328.06904363918,
    424.0404367408556,
    440.75185633067645,
    463.56285016553255,
    467.01339562566136,
    480.96830232922497,
    507.94707582294234,
    478.94308851523994,
    532.2015364378113,
    487.051601503912,
    497.89085036143746,
    542.532859669869,
    526.1293935817819,
    515.5824281815293,
    515.0014185444487,
    528.7783839670623,
    47.4218960465843,
    531.2763092500778,
    546.324450331344,
    540.4831125103185,
    532.774836938884,
    513.6783836358084,
    538.2697762522265,
    550.4559288282552,
    552.1040626466597,
    550.0183649430164,
    548.553622607793,
    534.2178720580237,
    561.53851271135,
    559.2969962676707,
    559.6401329047336,
    571.5518850286796,
    575.4992367862893,
    545.9231762192285,
    556.3579045120805,
    567.1622867752828,
    563.0923739565224,
    550.9279159151858,
    564.6224610709428,
    566.416834698027,
    563.617828904629,
    571.9481901495543,
    580.5873621320059,
    576.759846404001,
    573.2907581675477,
    575.0090366452093,
    571.9066591889446,
    579.6310563582547,
    582.4918208487563,
    580.9281322810467,
    585.1485713202674,
    583.2044695529058,
    573.2678625571494,
    577.3176237776834,
    588.050255407031,
    578.6258812821073,
    582.7911512761267,
    577.0699751812838,
    586.4882057501902
  ],
  "episode_costs": [
    0.0,
    0.0,
    0.0,
    0.0,
    0.0,
    0.0,
    0.0,
    0.0,
    0.0,
    0.0,
    0.0,
    0.0,
    0.0,
    0.0,
    0.0,
    0.0,
    0.0,
    0.0,
    0.0,
    0.0,
    0.0,
    0.0,
    0.0,
    0.0,
    0.0,
    0.0,
    0.0,
    0.0,
    0.0,
    0.0,
    0.0,
    0.0,
    0.0,
    0.0,
    0.0,
    1.0,
    0.0,
    4.0,
    0.0,
    2.0,
    0.0,
    2.0,
    0.0,
    6.0,
    12.0,
    12.0,
    22.0,
    16.0,
    6.0,
    42.0,
    4.0,
    13.0,
    3.0,
    5.0,
    0.0,
    0.0,
    8.0,
    0.0,
    0.0,
    0.0,
    8.0,
    5.0,
    0.0,
    0.0,
    1.0,
    2.0,
    0.0,
    5.0,
    3.0,
    4.0,
    3.0,
    0.0,
    5.0,
    6.0,
    0.0,
    0.0,
    0.0,
    5.0,
    0.0,
    0.0,
    2.0,
    1.0,
    0.0,
    1.0,
    5.0,
    2.0,
    0.0,
    0.0,
    0.0,
    0.0,
    2.0,
    2.0,
    6.0,
    0.0,
    0.0,
    1.0,
    1.0,
    1.0,
    1.0,
    0.0
  ],
  "diffhz_log": [
    [
      10000,
      0.0,
      6.464341506529081e-09
    ],
    [
      20000,
      0.0,
      4.817480636631899e-09
    ],
    [
      30000,
      0.0,
      5.999512886489811e-09
    ],
    [
      40000,
      0.0365,
      0.03705241531133652
    ],
    [
      50000,
      0.0835,
      0.08418375253677368
    ],
    [
      60000,
      0.0895,
      0.09010963886976242
    ],
    [
      70000,
      0.0725,
      0.07311556488275528
    ],
    [
      80000,
      0.087,
      0.08757516741752625
    ],
    [
      90000,
      0.0885,
      0.08910130709409714
    ],
    [
      100000,
      0.0955,
      0.0961756557226181
    ]
  ],
  "lambda_log": [
    [
      999,
      0.0
    ],
    [
      1999,
      0.0
    ],
    [
      2999,
      0.0
    ],
    [
      3999,
      0.0
    ],
    [
      4999,
      0.0
    ],
    [
      5999,
      0.0
    ],
    [
      6999,
      0.0
    ],
    [
      7999,
      0.0
    ],
    [
      8999,
      0.0
    ],
    [
      9999,
      0.0
    ],
    [
      10999,
      0.0
    ],
    [
      11999,
      0.0
    ],
    [
      12999,
      0.0
    ],
    [
      13999,
      0.0
    ],
    [
      14999,
      0.0
    ],
    [
      15999,
      0.0
    ],
    [
      16999,
      0.0
    ],
    [
      17999,
      0.0
    ],
    [
      18999,
      0.0
    ],
    [
      19999,
      0.0
    ],
    [
      20999,
      0.0
    ],
    [
      21999,
      0.0
    ],
    [
      22999,
      0.0
    ],
    [
      23999,
      0.0
    ],
    [
      24999,
      0.0
    ],
    [
      25999,
      0.0
    ],
    [
      26999,
      0.0
    ],
    [
      27999,
      0.0
    ],
    [
      28999,
      0.0
    ],
    [
      29999,
      0.0
    ],
    [
      30999,
      0.0
    ],
    [
      31999,
      0.0
    ],
    [
      32999,
      0.0
    ],
    [
      33999,
      0.0
    ],
    [
      34999,
      0.0
    ],
    [
      35999,
      0.0
    ],
    [
      36999,
      0.0
    ],
    [
      37999,
      0.0
    ],
    [
      38999,
      0.02
    ],
    [
      39999,
      0.0
    ],
    [
      40999,
      0.0
    ],
    [
      41999,
      0.0
    ],
    [
      42999,
      0.0
    ],
    [
      43999,
      0.0
    ],
    [
      44999,
      0.04
    ],
    [
      45999,
      0.14
    ],
    [
      46999,
      0.24000000000000002
    ],
    [
      47999,
      0.44000000000000006
    ],
    [
      48999,
      0.5800000000000001
    ],
    [
      49999,
      0.6200000000000001
    ],
    [
      50999,
      1.02
    ],
    [
      51999,
      1.04
    ],
    [
      52999,
      1.1500000000000001
    ],
    [
      53999,
      1.1600000000000001
    ],
    [
      54999,
      1.1900000000000002
    ],
    [
      55999,
      1.1700000000000002
    ],
    [
      56999,
      1.1500000000000001
    ],
    [
      57999,
      1.2100000000000002
    ],
    [
      58999,
      1.1900000000000002
    ],
    [
      59999,
      1.1700000000000002
    ],
    [
      60999,
      1.1500000000000001
    ],
    [
      61999,
      1.2100000000000002
    ],
    [
      62999,
      1.2400000000000002
    ],
    [
      63999,
      1.2200000000000002
    ],
    [
      64999,
      1.2000000000000002
    ],
    [
      65999,
      1.1900000000000002
    ],
    [
      66999,
      1.1900000000000002
    ],
    [
      67999,
      1.1700000000000002
    ],
    [
      68999,
      1.2000000000000002
    ],
    [
      69999,
      1.2100000000000002
    ],
    [
      70999,
      1.2300000000000002
    ],
    [
      71999,
      1.2400000000000002
    ],
    [
      72999,
      1.2200000000000002
    ],
    [
      73999,
      1.2500000000000002
    ],
    [
      74999,
      1.2900000000000003
    ],
    [
      75999,
      1.2700000000000002
    ],
    [
      76999,
      1.2500000000000002
    ],
    [
      77999,
      1.2300000000000002
    ],
    [
      78999,
      1.2600000000000002
    ],
    [
      79999,
      1.2400000000000002
    ],
    [
      80999,
      1.2200000000000002
    ],
    [
      81999,
      1.2200000000000002
    ],
    [
      82999,
      1.2100000000000002
    ],
    [
      83999,
      1.1900000000000002
    ],
    [
      84999,
      1.1800000000000002
    ],
    [
      85999,
      1.2100000000000002
    ],
    [
      86999,
      1.2100000000000002
    ],
    [
      87999,
      1.1900000000000002
    ],
    [
      88999,
      1.1700000000000002
    ],
    [
      89999,
      1.1500000000000001
    ],
    [
      90999,
      1.1300000000000001
    ],
    [
      91999,
      1.1300000000000001
    ],
    [
      92999,
      1.1300000000000001
    ],
    [
