{
  "episode_rewards": [
    5.781568561898443,
    4.6505872319323265,
    5.710338464873156,
    4.891113934867333,
    2.1319613232803607,
    5.9616657808663,
    3.6076654860348976,
    6.443550968328627,
    2.746005699833817,
    4.802654962769375,
    3.740193835540426,
    4.32830515099242,
    6.422158407037112,
    5.450237883411013,
    16.598799055127145,
    38.647376751289556,
    79.93980200106179,
    94.55166913516462,
    59.85678454392822,
    174.24178752325886,
    60.57013622998723,
    231.9778723956773,
    35.566304054105764,
    272.43287000853917,
    138.21922484125596,
    76.15420043240479,
    222.60635712386568,
    22.642941045552345,
    53.27541621605599,
    56.51811754828751,
    338.7114086241331,
    201.52949794171914,
    105.02658712580458,
    363.24219108998756,
    182.47787247672758,
    178.88163937519323,
    214.18638230424241,
    315.2812567163514,
    386.82019941283437,
    194.31084914108212,
    384.99761623579275,
    380.3303507623724,
    441.8295527651466,
    449.0908552953916,
    359.17692881150697,
    446.6082043850714,
    425.3879614122088,
    457.4396569703961,
    503.81276353253867,
    500.7082773943219,
    515.1650958180471,
    447.9846583783611,
    490.0332923107689,
    509.65667639235676,
    499.4123831075206,
    553.8058043199195,
    520.798729738789,
    583.5578180875241,
    551.592041013635,
    598.7405993740873,
    617.2081989122247,
    593.1676627283459,
    617.0085891287118,
    625.3453191432413,
    625.0421981497249,
    618.5951694013551,
    635.169607046463,
    671.1890319166358,
    631.0238549345125,
    651.1956957697353,
    660.7180636217552,
    630.820241834385,
    641.1470639285985,
    676.0017830514101,
    649.4745350367654,
    654.2258078123593,
    685.4594285274353,
    628.5510304849935,
    660.2959708765721,
    682.9833168512636,
    672.0264206750356,
    697.2460899021468,
    705.9368505074418,
    684.4285164548298,
    698.7620993192314,
    679.0018213321046,
    708.164384645907,
    694.369103903701,
    713.1010464123119,
    703.6825760242564,
    715.1119530682715,
    666.3817803913815,
    661.3947598705171,
    734.7542896417463,
    724.6435585647453,
    728.8340115524712,
    723.6911171606823,
    717.8648089431659,
    726.1609699933908,
    739.0124722198186
  ],
  "episode_costs": [
    0.0,
    0.0,
    0.0,
    0.0,
    0.0,
    0.0,
    0.0,
    0.0,
    0.0,
    0.0,
    0.0,
    0.0,
    0.0,
    0.0,
    0.0,
    0.0,
    0.0,
    0.0,
    0.0,
    0.0,
    0.0,
    0.0,
    0.0,
    0.0,
    0.0,
    0.0,
    0.0,
    0.0,
    0.0,
    0.0,
    0.0,
    0.0,
    0.0,
    0.0,
    0.0,
    1.0,
    0.0,
    2.0,
    0.0,
    0.0,
    0.0,
    0.0,
    8.0,
    0.0,
    1.0,
    7.0,
    0.0,
    8.0,
    32.0,
    45.0,
    54.0,
    11.0,
    41.0,
    76.0,
    56.0,
    179.0,
    123.0,
    189.0,
    198.0,
    248.0,
    296.0,
    231.0,
    288.0,
    311.0,
    321.0,
    313.0,
    351.0,
    461.0,
    334.0,
    405.0,
    436.0,
    358.0,
    364.0,
    458.0,
    395.0,
    432.0,
    515.0,
    338.0,
    417.0,
    492.0,
    467.0,
    552.0,
    595.0,
    533.0,
    579.0,
    504.0,
    611.0,
    551.0,
    653.0,
    616.0,
    670.0,
    499.0,
    453.0,
    709.0,
    671.0,
    650.0,
    661.0,
    661.0,
    666.0,
    717.0
  ],
  "diffhz_log": [
    [
      10000,
      0.0,
      6.464341506529081e-09
    ],
    [
      20000,
      0.0,
      4.817480636631899e-09
    ],
    [
      30000,
      0.0,
      5.999512886489811e-09
    ],
    [
      40000,
      0.0,
      0.0006820045528002083
    ],
    [
      50000,
      0.006,
      0.0064694699831306934
    ],
    [
      60000,
      0.0385,
      0.03886923938989639
    ],
    [
      70000,
      0.0675,
      0.06765562295913696
    ],
    [
      80000,
      0.109,
      0.10941046476364136
    ],
    [
      90000,
      0.1775,
      0.17782369256019592
    ],
    [
      100000,
      0.132,
      0.13249468803405762
    ]
  ],
  "lambda_log": [
    [
      999,
      0.0
    ],
    [
      1999,
      0.0
    ],
    [
      2999,
      0.0
    ],
    [
      3999,
      0.0
    ],
    [
      4999,
      0.0
    ],
    [
      5999,
      0.0
    ],
    [
      6999,
      0.0
    ],
    [
      7999,
      0.0
    ],
    [
      8999,
      0.0
    ],
    [
      9999,
      0.0
    ],
    [
      10999,
      0.0
    ],
    [
      11999,
      0.0
    ],
    [
      12999,
      0.0
    ],
    [
      13999,
      0.0
    ],
    [
      14999,
      0.0
    ],
    [
      15999,
      0.0
    ],
    [
      16999,
      0.0
    ],
    [
      17999,
      0.0
    ],
    [
      18999,
      0.0
    ],
    [
      19999,
      0.0
    ],
    [
      20999,
      0.0
    ],
    [
      21999,
      0.0
    ],
    [
      22999,
      0.0
    ],
    [
      23999,
      0.0
    ],
    [
      24999,
      0.0
    ],
    [
      25999,
      0.0
    ],
    [
      26999,
      0.0
    ],
    [
      27999,
      0.0
    ],
    [
      28999,
      0.0
    ],
    [
      29999,
      0.0
    ],
    [
      30999,
      0.0
    ],
    [
      31999,
      0.0
    ],
    [
      32999,
      0.0
    ],
    [
      33999,
      0.0
    ],
    [
      34999,
      0.0
    ],
    [
      35999,
      0.0
    ],
    [
      36999,
      0.0
    ],
    [
      37999,
      0.0
    ],
    [
      38999,
      0.0
    ],
    [
      39999,
      0.0
    ],
    [
      40999,
      0.0
    ],
    [
      41999,
      0.0
    ],
    [
      42999,
      0.0
    ],
    [
      43999,
      0.0
    ],
    [
      44999,
      0.0
    ],
    [
      45999,
      0.0
    ],
    [
      46999,
      0.0
    ],
    [
      47999,
      0.0
    ],
    [
      48999,
      0.0
    ],
    [
      49999,
      0.0
    ],
    [
      50999,
      0.0
    ],
    [
      51999,
      0.0
    ],
    [
      52999,
      0.0
    ],
    [
      53999,
      0.0
    ],
    [
      54999,
      0.0
    ],
    [
      55999,
      0.0
    ],
    [
      56999,
      0.0
    ],
    [
      57999,
      0.0
    ],
    [
      58999,
      0.0
    ],
    [
      59999,
      0.0
    ],
    [
      60999,
      0.0
    ],
    [
      61999,
      0.0
    ],
    [
      62999,
      0.0
    ],
    [
      63999,
      0.0
    ],
    [
      64999,
      0.0
    ],
    [
      65999,
      0.0
    ],
    [
      66999,
      0.0
    ],
    [
      67999,
      0.0
    ],
    [
      68999,
      0.0
    ],
    [
      69999,
      0.0
    ],
    [
      70999,
      0.0
    ],
    [
      71999,
      0.0
    ],
    [
      72999,
      0.0
    ],
    [
      73999,
      0.0
    ],
    [
      74999,
      0.0
    ],
    [
      75999,
      0.0
    ],
    [
      76999,
      0.0
    ],
    [
      77999,
      0.0
    ],
    [
      78999,
      0.0
    ],
    [
      79999,
      0.0
    ],
    [
      80999,
      0.0
    ],
    [
      81999,
      0.0
    ],
    [
      82999,
      0.0
    ],
    [
      83999,
      0.0
    ],
    [
      84999,
      0.0
    ],
    [
      85999,
      0.0
    ],
    [
      86999,
      0.0
    ],
    [
      87999,
      0.0
    ],
    [
      88999,
      0.0
    ],
    [
      89999,
      0.0
    ],
    [
      90999,
      0.0
    ],
    [
      91999,
      0.0
    ],
    [
      92999,
      0.0
    ],
    [
      93999,
      0.0
    ],
    [
      94999,
      0.0
    ],
    [
      95999,
      0.0
    ],
    [
      96999,
      0.0
    ],
    [
      97999,
      0.0
    ],
    [
      98999,
      0.0
    ],
    [
      99999,
      0.0
    ]
  ],
  "seed": 123,
  "env_name": "cheetah-run-v0",
  "use_rare_buffer": false,
  "use_lagrangian": false,
  "velocity_threshold": 7.0,
  "total_steps": 100001,
  "complete": true
}