{
  "episode_rewards": [
    4.966326487426528,
    5.072340421452022,
    6.913559036598321,
    3.929022289308648,
    4.230878960086643,
    4.3939796698493785,
    6.528249365961654,
    8.753758331600308,
    5.59611308050945,
    6.8616671616308444,
    2.7299707762329732,
    8.053982622297665,
    5.538100640123466,
    16.731139975319902,
    26.426860211248112,
    61.05305352846644,
    141.27550585691017,
    100.72711073752528,
    45.493088640486675,
    79.42957641192368,
    67.2411064916408,
    25.295624955824923,
    226.75688190446743,
    31.20605566423473,
    118.86824563186086,
    51.241970428890674,
    66.96001680841752,
    62.70454265981439,
    285.89714937495535,
    60.197467978015474,
    92.47436251869712,
    298.49697949639125,
    295.5236529973439,
    317.67206763299697,
    309.88974688492465,
    307.91257793689687,
    336.37707628892116,
    370.53371148781923,
    390.96084645157424,
    388.63367573328713,
    405.2599181236097,
    429.38411417626753,
    446.3189533984698,
    426.11429856289027,
    451.7832575229442,
    481.05770895047715,
    485.4984294515974,
    473.93779803061,
    476.6039586160704,
    455.4393765301993,
    452.11003605632783,
    478.96208283208716,
    496.4712575936705,
    491.40572822711636,
    485.6648838539468,
    492.5256493076802,
    497.8704142249326,
    507.6794069661329,
    475.3252175676666,
    477.33401467499107,
    494.0787170127101,
    496.45060407629774,
    509.3586564132687,
    511.2244972458271,
    501.10976068129236,
    509.94674705422005,
    511.46919753899874,
    516.1819848959758,
    529.3763639128069,
    528.860168076307,
    520.121779192609,
    529.6570918621766,
    537.9720900668317,
    543.7487416002822,
    506.5826418885109,
    513.8177642562877,
    512.206376449241,
    517.7422833008582,
    522.9958253851571,
    532.4444854741093,
    538.9508298959473,
    540.1332466191132,
    525.7903219284758,
    533.4014420548516,
    541.8890758901955,
    555.3651448260922,
    534.1203034371824,
    539.169031988432,
    544.6819219274187,
    547.3088600920956,
    546.4923459310107,
    545.0938683587152,
    538.9224077994587,
    549.3083882707349,
    546.4035939483243,
    553.1307644305958,
    553.9763406439886,
    553.8813363149042,
    558.5913383000384,
    564.9776093953811
  ],
  "episode_costs": [
    0.0,
    0.0,
    0.0,
    0.0,
    0.0,
    0.0,
    0.0,
    0.0,
    0.0,
    0.0,
    0.0,
    0.0,
    0.0,
    0.0,
    0.0,
    0.0,
    0.0,
    0.0,
    0.0,
    0.0,
    0.0,
    0.0,
    0.0,
    0.0,
    0.0,
    0.0,
    0.0,
    0.0,
    0.0,
    0.0,
    0.0,
    0.0,
    0.0,
    0.0,
    0.0,
    0.0,
    0.0,
    0.0,
    0.0,
    0.0,
    0.0,
    0.0,
    0.0,
    1.0,
    2.0,
    13.0,
    18.0,
    11.0,
    32.0,
    0.0,
    0.0,
    0.0,
    8.0,
    2.0,
    2.0,
    2.0,
    1.0,
    13.0,
    0.0,
    0.0,
    0.0,
    1.0,
    3.0,
    1.0,
    0.0,
    0.0,
    0.0,
    0.0,
    1.0,
    6.0,
    3.0,
    0.0,
    1.0,
    37.0,
    0.0,
    0.0,
    0.0,
    0.0,
    0.0,
    1.0,
    0.0,
    2.0,
    0.0,
    0.0,
    1.0,
    13.0,
    1.0,
    0.0,
    0.0,
    1.0,
    1.0,
    0.0,
    0.0,
    2.0,
    0.0,
    1.0,
    1.0,
    0.0,
    0.0,
    0.0
  ],
  "diffhz_log": [
    [
      10000,
      0.0,
      7.119109746156482e-09
    ],
    [
      20000,
      0.0,
      5.640516942406748e-09
    ],
    [
      30000,
      0.0,
      6.377074868169075e-09
    ],
    [
      40000,
      0.0,
      4.564495448278194e-09
    ],
    [
      50000,
      0.074,
      0.07468516379594803
    ],
    [
      60000,
      0.085,
      0.08557257056236267
    ],
    [
      70000,
      0.0715,
      0.07209449261426926
    ],
    [
      80000,
      0.082,
      0.08267677575349808
    ],
    [
      90000,
      0.076,
      0.07651691883802414
    ],
    [
      100000,
      0.0805,
      0.08105332404375076
    ]
  ],
  "lambda_log": [
    [
      999,
      0.0
    ],
    [
      1999,
      0.0
    ],
    [
      2999,
      0.0
    ],
    [
      3999,
      0.0
    ],
    [
      4999,
      0.0
    ],
    [
      5999,
      0.0
    ],
    [
      6999,
      0.0
    ],
    [
      7999,
      0.0
    ],
    [
      8999,
      0.0
    ],
    [
      9999,
      0.0
    ],
    [
      10999,
      0.0
    ],
    [
      11999,
      0.0
    ],
    [
      12999,
      0.0
    ],
    [
      13999,
      0.0
    ],
    [
      14999,
      0.0
    ],
    [
      15999,
      0.0
    ],
    [
      16999,
      0.0
    ],
    [
      17999,
      0.0
    ],
    [
      18999,
      0.0
    ],
    [
      19999,
      0.0
    ],
    [
      20999,
      0.0
    ],
    [
      21999,
      0.0
    ],
    [
      22999,
      0.0
    ],
    [
      23999,
      0.0
    ],
    [
      24999,
      0.0
    ],
    [
      25999,
      0.0
    ],
    [
      26999,
      0.0
    ],
    [
      27999,
      0.0
    ],
    [
      28999,
      0.0
    ],
    [
      29999,
      0.0
    ],
    [
      30999,
      0.0
    ],
    [
      31999,
      0.0
    ],
    [
      32999,
      0.0
    ],
    [
      33999,
      0.0
    ],
    [
      34999,
      0.0
    ],
    [
      35999,
      0.0
    ],
    [
      36999,
      0.0
    ],
    [
      37999,
      0.0
    ],
    [
      38999,
      0.0
    ],
    [
      39999,
      0.0
    ],
    [
      40999,
      0.0
    ],
    [
      41999,
      0.0
    ],
    [
      42999,
      0.0
    ],
    [
      43999,
      0.0
    ],
    [
      44999,
      0.0
    ],
    [
      45999,
      0.0
    ],
    [
      46999,
      0.11
    ],
    [
      47999,
      0.27
    ],
    [
      48999,
      0.36
    ],
    [
      49999,
      0.6599999999999999
    ],
    [
      50999,
      0.6399999999999999
    ],
    [
      51999,
      0.6199999999999999
    ],
    [
      52999,
      0.5999999999999999
    ],
    [
      53999,
      0.6599999999999999
    ],
    [
      54999,
      0.6599999999999999
    ],
    [
      55999,
      0.6599999999999999
    ],
    [
      56999,
      0.6599999999999999
    ],
    [
      57999,
      0.6499999999999999
    ],
    [
      58999,
      0.7599999999999999
    ],
    [
      59999,
      0.7399999999999999
    ],
    [
      60999,
      0.7199999999999999
    ],
    [
      61999,
      0.6999999999999998
    ],
    [
      62999,
      0.6899999999999998
    ],
    [
      63999,
      0.6999999999999998
    ],
    [
      64999,
      0.6899999999999998
    ],
    [
      65999,
      0.6699999999999998
    ],
    [
      66999,
      0.6499999999999998
    ],
    [
      67999,
      0.6299999999999998
    ],
    [
      68999,
      0.6099999999999998
    ],
    [
      69999,
      0.5999999999999998
    ],
    [
      70999,
      0.6399999999999998
    ],
    [
      71999,
      0.6499999999999998
    ],
    [
      72999,
      0.6299999999999998
    ],
    [
      73999,
      0.6199999999999998
    ],
    [
      74999,
      0.9699999999999998
    ],
    [
      75999,
      0.9499999999999997
    ],
    [
      76999,
      0.9299999999999997
    ],
    [
      77999,
      0.9099999999999997
    ],
    [
      78999,
      0.8899999999999997
    ],
    [
      79999,
      0.8699999999999997
    ],
    [
      80999,
      0.8599999999999997
    ],
    [
      81999,
      0.8399999999999996
    ],
    [
      82999,
      0.8399999999999996
    ],
    [
      83999,
      0.8199999999999996
    ],
    [
      84999,
      0.7999999999999996
    ],
    [
      85999,
      0.7899999999999996
    ],
    [
      86999,
      0.8999999999999996
    ],
    [
      87999,
      0.8899999999999996
    ],
    [
      88999,
      0.8699999999999996
    ],
    [
      89999,
      0.8499999999999995
    ],
    [
      90999,
      0.8399999999999995
    ],
    [
      91999,
      0.8299999999999995
    ],
    [
      92999,
      0.8099999999999995
    ],
    [
      93999,
