{
  "episode_rewards": [
    1.7912140175076603,
    1.9105741956291977,
    3.4859407056921268,
    2.8518845722947423,
    4.708483028360106,
    2.6667044088871483,
    2.95221948301284,
    4.829665647169069,
    4.818067204803216,
    5.547650564654991,
    3.864466342271087,
    5.925337254627861,
    4.4620457312908535,
    7.174101528864259,
    12.007349844671234,
    37.48966913991567,
    67.84933114804097,
    30.2149995303893,
    66.28539525179572,
    77.18339329866144,
    73.61290401739224,
    53.2858343812293,
    249.8440720286147,
    277.94848120316965,
    309.6193285929636,
    351.7974393738789,
    80.61031976621986,
    400.7680955741984,
    357.4389817872741,
    368.83709693681294,
    406.8711249901596,
    441.1266751836929,
    471.46756075045573,
    466.03689559737967,
    447.4434678407584,
    477.70335825619924,
    490.10642492732387,
    472.9981170801279,
    501.0170080044265,
    500.2081390385397,
    509.4145379866048,
    522.0464930555297,
    510.01699471316834,
    519.3702420793066,
    505.56538267371405,
    481.7397601792893,
    511.44549527737263,
    518.825758243906,
    523.8717278234716,
    520.8600149116693,
    508.7193054956416,
    527.2372049693279,
    508.90765704416145,
    536.1452528523814,
    524.8532604289243,
    514.0627817866724,
    493.33058911591706,
    514.0285335918445,
    529.844452364606,
    505.7482617836395,
    533.841208208329,
    535.6564676832871,
    543.5061482304793,
    537.9855392794968,
    535.4553331674532,
    532.5698613791427,
    544.0130980501718,
    546.7537180854812,
    529.5385184984137,
    532.7964211395288,
    537.6081084355951,
    527.6538315670849,
    534.4343336682763,
    541.1436918737272,
    537.5324763578408,
    540.0583354500699,
    545.518906507068,
    538.5594516067596,
    543.278337088019,
    548.9164956480059,
    534.2044245372829,
    546.6246030051417,
    545.5927106456895,
    556.1854881463324,
    530.6477014382042,
    544.231346333954,
    523.6378480806327,
    552.2766904060072,
    544.7749724326079,
    552.4555448183742,
    541.086193779568,
    554.5843007146206,
    557.6237597409305,
    552.5020351927075,
    553.2979194903573,
    548.4461894139421,
    552.3385826128837,
    552.8433364334309,
    558.546695366443,
    540.715510535685
  ],
  "episode_costs": [
    0.0,
    0.0,
    0.0,
    0.0,
    0.0,
    0.0,
    0.0,
    0.0,
    0.0,
    0.0,
    0.0,
    0.0,
    0.0,
    0.0,
    0.0,
    0.0,
    0.0,
    0.0,
    0.0,
    0.0,
    0.0,
    0.0,
    0.0,
    0.0,
    0.0,
    0.0,
    0.0,
    0.0,
    0.0,
    0.0,
    1.0,
    2.0,
    4.0,
    8.0,
    28.0,
    31.0,
    0.0,
    0.0,
    0.0,
    2.0,
    10.0,
    4.0,
    0.0,
    1.0,
    2.0,
    0.0,
    0.0,
    1.0,
    0.0,
    0.0,
    0.0,
    2.0,
    1.0,
    5.0,
    0.0,
    7.0,
    1.0,
    0.0,
    1.0,
    1.0,
    3.0,
    0.0,
    2.0,
    3.0,
    0.0,
    0.0,
    6.0,
    10.0,
    1.0,
    1.0,
    2.0,
    2.0,
    0.0,
    3.0,
    0.0,
    2.0,
    1.0,
    6.0,
    2.0,
    5.0,
    0.0,
    2.0,
    0.0,
    11.0,
    0.0,
    0.0,
    1.0,
    3.0,
    1.0,
    2.0,
    0.0,
    1.0,
    3.0,
    1.0,
    2.0,
    0.0,
    0.0,
    1.0,
    7.0,
    0.0
  ],
  "diffhz_log": [
    [
      10000,
      0.0,
      6.008761488374148e-09
    ],
    [
      20000,
      0.0,
      4.845790435581421e-09
    ],
    [
      30000,
      0.0,
      4.7271049297137324e-09
    ],
    [
      40000,
      0.0855,
      0.08618626743555069
    ],
    [
      50000,
      0.09,
      0.09062325209379196
    ],
    [
      60000,
      0.0835,
      0.08427824079990387
    ],
    [
      70000,
      0.0855,
      0.08613470196723938
    ],
    [
      80000,
      0.0825,
      0.0831780731678009
    ],
    [
      90000,
      0.0815,
      0.08209630101919174
    ],
    [
      100000,
      0.082,
      0.08262944221496582
    ]
  ],
  "lambda_log": [
    [
      999,
      0.0
    ],
    [
      1999,
      0.0
    ],
    [
      2999,
      0.0
    ],
    [
      3999,
      0.0
    ],
    [
      4999,
      0.0
    ],
    [
      5999,
      0.0
    ],
    [
      6999,
      0.0
    ],
    [
      7999,
      0.0
    ],
    [
      8999,
      0.0
    ],
    [
      9999,
      0.0
    ],
    [
      10999,
      0.0
    ],
    [
      11999,
      0.0
    ],
    [
      12999,
      0.0
    ],
    [
      13999,
      0.0
    ],
    [
      14999,
      0.0
    ],
    [
      15999,
      0.0
    ],
    [
      16999,
      0.0
    ],
    [
      17999,
      0.0
    ],
    [
      18999,
      0.0
    ],
    [
      19999,
      0.0
    ],
    [
      20999,
      0.0
    ],
    [
      21999,
      0.0
    ],
    [
      22999,
      0.0
    ],
    [
      23999,
      0.0
    ],
    [
      24999,
      0.0
    ],
    [
      25999,
      0.0
    ],
    [
      26999,
      0.0
    ],
    [
      27999,
      0.0
    ],
    [
      28999,
      0.0
    ],
    [
      29999,
      0.0
    ],
    [
      30999,
      0.0
    ],
    [
      31999,
      0.0
    ],
    [
      32999,
      0.0
    ],
    [
      33999,
      0.02
    ],
    [
      34999,
      0.08
    ],
    [
      35999,
      0.34
    ],
    [
      36999,
      0.63
    ],
    [
      37999,
      0.61
    ],
    [
      38999,
      0.59
    ],
    [
      39999,
      0.57
    ],
    [
      40999,
      0.57
    ],
    [
      41999,
      0.6499999999999999
    ],
    [
      42999,
      0.6699999999999999
    ],
    [
      43999,
      0.6499999999999999
    ],
    [
      44999,
      0.6399999999999999
    ],
    [
      45999,
      0.6399999999999999
    ],
    [
      46999,
      0.6199999999999999
    ],
    [
      47999,
      0.5999999999999999
    ],
    [
      48999,
      0.5899999999999999
    ],
    [
      49999,
      0.5699999999999998
    ],
    [
      50999,
      0.5499999999999998
    ],
    [
      51999,
      0.5299999999999998
    ],
    [
      52999,
      0.5299999999999998
    ],
    [
      53999,
      0.5199999999999998
    ],
    [
      54999,
      0.5499999999999998
    ],
    [
      55999,
      0.5299999999999998
    ],
    [
      56999,
      0.5799999999999998
    ],
    [
      57999,
      0.5699999999999998
    ],
    [
      58999,
      0.5499999999999998
    ],
    [
      59999,
      0.5399999999999998
    ],
    [
      60999,
      0.5299999999999998
    ],
    [
      61999,
      0.5399999999999998
    ],
    [
      62999,
      0.5199999999999998
    ],
    [
      63999,
      0.5199999999999998
    ],
    [
      64999,
      0.5299999999999998
    ],
    [
      65999,
      0.5099999999999998
    ],
    [
      66999,
      0.48999999999999977
    ],
    [
      67999,
      0.5299999999999998
    ],
    [
      68999,
      0.6099999999999998
    ],
    [
      69999,
      0.5999999999999998
    ],
    [
      70999,
      0.5899999999999997
    ],
    [
      71999,
      0.5899999999999997
    ],
    [
      72999,
      0.5899999999999997
    ],
    [
      73999,
      0.5699999999999997
    ],
    [
      74999,
      0.5799999999999997
    ],
    [
      75999,
      0.5599999999999997
    ],
    [
      76999,
      0.5599999999999997
    ],
    [
      77999,
      0.5499999999999997
    ],
    [
      78999,
      0.5899999999999997
    ],
    [
      79999,
      0.5899999999999997
    ],
    [
      80999,
      0.6199999999999998
    ],
    [
      81999,
      0.5999999999999998
    ],
    [
      82999,
      0.5999999999999998
    ],
    [
      83999,
      0.5799999999999997
    ],
    [
      84999,
      0.6699999999999997
    ],
    [
      85999,
      0.6499999999999997
    ],
    [
      86999,
      0.6299999999999997
    ],
    [
      87999,
      0.6199999999999997
    ],
    [
      88999,
      0.6299999999999997
    ],
    [
      89999,
      0.6199999999999997
    ],
    [
      90999,
      0.6199999999999997
    ],
    [
