{
  "episode_rewards": [
    1.7912140175076603,
    1.9105741956291977,
    3.4859407056921268,
    2.8518845722947423,
    4.708483028360106,
    2.6667044088871483,
    2.95221948301284,
    4.829665647169069,
    4.818067204803216,
    5.547650564654991,
    3.864466342271087,
    5.925337254627861,
    4.4620457312908535,
    7.174101528864259,
    12.007349844671234,
    37.48966913991567,
    67.84933114804097,
    30.2149995303893,
    66.28539525179572,
    77.18339329866144,
    73.61290401739224,
    53.2858343812293,
    249.8440720286147,
    277.94848120316965,
    309.6193285929636,
    351.7974393738789,
    80.61031976621986,
    400.7680955741984,
    357.4389817872741,
    368.83709693681294,
    445.56508914332136,
    323.76684787611623,
    178.54640185615284,
    483.25324437309143,
    419.8605370213371,
    481.23346480623394,
    496.51213691279816,
    511.42347107452673,
    519.4801381967392,
    515.2381493116343,
    518.0775182602425,
    542.0435996428214,
    536.7200251634833,
    521.6380071039666,
    579.5633314490045,
    585.7501994215118,
    583.1920242165642,
    580.5234792086301,
    566.6078413429207,
    580.685642757617,
    600.1507539505578,
    535.5429519635502,
    494.33566454436215,
    159.75729963591775,
    574.3351837804328,
    437.02134960544026,
    479.7527677095046,
    542.1516873630331,
    600.7618146297351,
    565.7975961312472,
    519.6958305492275,
    600.8622066911252,
    550.9583885514791,
    606.9816626791325,
    572.5436240844917,
    599.5252689874437,
    601.0272523912267,
    592.4852109763997,
    588.5152425453692,
    608.4749958441756,
    598.6270670390834,
    621.7008928893471,
    219.7164075858503,
    488.7912695172338,
    361.48662683403427,
    360.1574808228206,
    627.5003993011082,
    627.5033968947348,
    653.4800911707121,
    655.3687854519995,
    296.9085550788993,
    628.0147859505266,
    668.9208005600191,
    629.8918082711676,
    685.492509645061,
    664.4470271472426,
    655.5476121438335,
    633.3332750629464,
    674.2653263053699,
    264.06917614806275,
    622.1486160575395,
    670.6798529935039,
    671.7424338522,
    670.1583699909988,
    692.6886507549417,
    685.5192166772182,
    704.9806731162827,
    683.3505614856028,
    348.202796826658,
    654.1503973610492
  ],
  "episode_costs": [
    0.0,
    0.0,
    0.0,
    0.0,
    0.0,
    0.0,
    0.0,
    0.0,
    0.0,
    0.0,
    0.0,
    0.0,
    0.0,
    0.0,
    0.0,
    0.0,
    0.0,
    0.0,
    0.0,
    0.0,
    0.0,
    0.0,
    0.0,
    0.0,
    0.0,
    0.0,
    0.0,
    0.0,
    0.0,
    0.0,
    1.0,
    0.0,
    2.0,
    33.0,
    9.0,
    40.0,
    21.0,
    42.0,
    72.0,
    62.0,
    64.0,
    119.0,
    140.0,
    89.0,
    215.0,
    201.0,
    224.0,
    263.0,
    157.0,
    199.0,
    304.0,
    128.0,
    47.0,
    21.0,
    219.0,
    88.0,
    198.0,
    173.0,
    329.0,
    313.0,
    101.0,
    294.0,
    191.0,
    318.0,
    171.0,
    332.0,
    307.0,
    254.0,
    269.0,
    358.0,
    307.0,
    334.0,
    79.0,
    202.0,
    101.0,
    191.0,
    399.0,
    374.0,
    439.0,
    446.0,
    125.0,
    392.0,
    484.0,
    348.0,
    512.0,
    460.0,
    428.0,
    384.0,
    486.0,
    102.0,
    352.0,
    487.0,
    496.0,
    487.0,
    553.0,
    533.0,
    573.0,
    542.0,
    182.0,
    447.0
  ],
  "diffhz_log": [
    [
      10000,
      0.0,
      6.008761488374148e-09
    ],
    [
      20000,
      0.0,
      4.845790435581421e-09
    ],
    [
      30000,
      0.0,
      4.7271049297137324e-09
    ],
    [
      40000,
      0.013,
      0.01342366449534893
    ],
    [
      50000,
      0.0395,
      0.040065698325634
    ],
    [
      60000,
      0.0475,
      0.04799316078424454
    ],
    [
      70000,
      0.082,
      0.08241695910692215
    ],
    [
      80000,
      0.084,
      0.0844554603099823
    ],
    [
      90000,
      0.105,
      0.10549686849117279
    ],
    [
      100000,
      0.12,
      0.12045665830373764
    ]
  ],
  "lambda_log": [
    [
      999,
      0.0
    ],
    [
      1999,
      0.0
    ],
    [
      2999,
      0.0
    ],
    [
      3999,
      0.0
    ],
    [
      4999,
      0.0
    ],
    [
      5999,
      0.0
    ],
    [
      6999,
      0.0
    ],
    [
      7999,
      0.0
    ],
    [
      8999,
      0.0
    ],
    [
      9999,
      0.0
    ],
    [
      10999,
      0.0
    ],
    [
      11999,
      0.0
    ],
    [
      12999,
      0.0
    ],
    [
      13999,
      0.0
    ],
    [
      14999,
      0.0
    ],
    [
      15999,
      0.0
    ],
    [
      16999,
      0.0
    ],
    [
      17999,
      0.0
    ],
    [
      18999,
      0.0
    ],
    [
      19999,
      0.0
    ],
    [
      20999,
      0.0
    ],
    [
      21999,
      0.0
    ],
    [
      22999,
      0.0
    ],
    [
      23999,
      0.0
    ],
    [
      24999,
      0.0
    ],
    [
      25999,
      0.0
    ],
    [
      26999,
      0.0
    ],
    [
      27999,
      0.0
    ],
    [
      28999,
      0.0
    ],
    [
      29999,
      0.0
    ],
    [
      30999,
      0.0
    ],
    [
      31999,
      0.0
    ],
    [
      32999,
      0.0
    ],
    [
      33999,
      0.0
    ],
    [
      34999,
      0.0
    ],
    [
      35999,
      0.0
    ],
    [
      36999,
      0.0
    ],
    [
      37999,
      0.0
    ],
    [
      38999,
      0.0
    ],
    [
      39999,
      0.0
    ],
    [
      40999,
      0.0
    ],
    [
      41999,
      0.0
    ],
    [
      42999,
      0.0
    ],
    [
      43999,
      0.0
    ],
    [
      44999,
      0.0
    ],
    [
      45999,
      0.0
    ],
    [
      46999,
      0.0
    ],
    [
      47999,
      0.0
    ],
    [
      48999,
      0.0
    ],
    [
      49999,
      0.0
    ],
    [
      50999,
      0.0
    ],
    [
      51999,
      0.0
    ],
    [
      52999,
      0.0
    ],
    [
      53999,
      0.0
    ],
    [
      54999,
      0.0
    ],
    [
      55999,
      0.0
    ],
    [
      56999,
      0.0
    ],
    [
      57999,
      0.0
    ],
    [
      58999,
      0.0
    ],
    [
      59999,
      0.0
    ],
    [
      60999,
      0.0
    ],
    [
      61999,
      0.0
    ],
    [
      62999,
      0.0
    ],
    [
      63999,
      0.0
    ],
    [
      64999,
      0.0
    ],
    [
      65999,
      0.0
    ],
    [
      66999,
      0.0
    ],
    [
      67999,
      0.0
    ],
    [
      68999,
      0.0
    ],
    [
      69999,
      0.0
    ],
    [
      70999,
      0.0
    ],
    [
      71999,
      0.0
    ],
    [
      72999,
      0.0
    ],
    [
      73999,
      0.0
    ],
    [
      74999,
      0.0
    ],
    [
      75999,
      0.0
    ],
    [
      76999,
      0.0
    ],
    [
      77999,
      0.0
    ],
    [
      78999,
      0.0
    ],
    [
      79999,
      0.0
    ],
    [
      80999,
      0.0
    ],
    [
      81999,
      0.0
    ],
    [
      82999,
      0.0
    ],
    [
      83999,
      0.0
    ],
    [
      84999,
      0.0
    ],
    [
      85999,
      0.0
    ],
    [
      86999,
      0.0
    ],
    [
      87999,
      0.0
    ],
    [
      88999,
      0.0
    ],
    [
      89999,
      0.0
    ],
    [
      90999,
      0.0
    ],
    [
      91999,
      0.0
    ],
    [
      92999,
      0.0
    ],
    [
      93999,
      0.0
    ],
    [
      94999,
      0.0
    ],
    [
      95999,
      0.0
    ],
    [
      96999,
      0.0
    ],
    [
      97999,
      0.0
    ],
    [
      98999,
      0.0
    ],
    [
      99999,
      0.0
    ]
  ],
  "seed": 456,
  "env_name": "cheetah-run-v0",
  "use_rare_buffer": false,
  "use_lagrangian": false,
  "velocity_threshold": 7.0,
  "total_steps": 100001,
  "complete": true
}