{
  "episode_rewards": [
    4.966326487426528,
    5.072340421452022,
    6.913559036598321,
    3.929022289308648,
    4.230878960086643,
    4.3939796698493785,
    6.528249365961654,
    8.753758331600308,
    5.59611308050945,
    6.8616671616308444,
    2.7299707762329732,
    8.053982622297665,
    5.538100640123466,
    16.731139975319902,
    26.426860211248112,
    61.05305352846644,
    141.27550585691017,
    100.72711073752528,
    45.493088640486675,
    79.42957641192368,
    67.2411064916408,
    25.295624955824923,
    226.75688190446743,
    31.20605566423473,
    118.86824563186086,
    51.241970428890674,
    66.96001680841752,
    62.70454265981439,
    285.89714937495535,
    60.197467978015474,
    92.47436251869712,
    298.49697949639125,
    295.5236529973439,
    317.67206763299697,
    309.88974688492465,
    307.91257793689687,
    336.37707628892116,
    370.53371148781923,
    390.96084645157424,
    388.63367573328713,
    405.2599181236097,
    429.38411417626753,
    446.3189533984698,
    434.66668272923727,
    476.0063343024369,
    471.36717616703345,
    456.1112788114276,
    480.55935269294025,
    500.0911944876769,
    514.6425974294126,
    521.503374166173,
    537.2313263282167,
    554.1844268355069,
    551.477711548178,
    551.1284137102243,
    557.7320971120167,
    587.4016560530142,
    587.84312039531,
    594.3987294324608,
    614.3850848557447,
    534.7243351827079,
    622.574450613602,
    663.7627154568479,
    657.9657401406622,
    315.05515656858176,
    600.7239545284834,
    533.2099011336257,
    669.3142244916178,
    658.2345209645595,
    662.8019017400279,
    636.2927620300179,
    683.4936865325509,
    660.9677894827888,
    611.2441241487977,
    704.7373917679947,
    666.1863144134225,
    675.9449712029764,
    696.1428237263472,
    685.2542216020503,
    682.837422864981,
    666.5914151015779,
    531.5021941701536,
    703.5150573113764,
    686.3115360670655,
    702.2279675569009,
    388.4610160877118,
    706.3749802469135,
    670.3195022916743,
    627.6485969201989,
    713.6137540971431,
    675.1594793374184,
    716.2305951009508,
    664.3243065176837,
    696.9099752945637,
    644.0394325356685,
    625.1405039132776,
    695.3932139862222,
    675.3394272903796,
    719.6227312494251,
    729.0903605161342
  ],
  "episode_costs": [
    0.0,
    0.0,
    0.0,
    0.0,
    0.0,
    0.0,
    0.0,
    0.0,
    0.0,
    0.0,
    0.0,
    0.0,
    0.0,
    0.0,
    0.0,
    0.0,
    0.0,
    0.0,
    0.0,
    0.0,
    0.0,
    0.0,
    0.0,
    0.0,
    0.0,
    0.0,
    0.0,
    0.0,
    0.0,
    0.0,
    0.0,
    0.0,
    0.0,
    0.0,
    0.0,
    0.0,
    0.0,
    0.0,
    0.0,
    0.0,
    0.0,
    0.0,
    0.0,
    2.0,
    11.0,
    14.0,
    9.0,
    14.0,
    39.0,
    73.0,
    101.0,
    112.0,
    128.0,
    139.0,
    125.0,
    144.0,
    227.0,
    223.0,
    261.0,
    293.0,
    136.0,
    329.0,
    401.0,
    403.0,
    147.0,
    273.0,
    261.0,
    445.0,
    423.0,
    421.0,
    379.0,
    547.0,
    419.0,
    318.0,
    619.0,
    448.0,
    474.0,
    566.0,
    518.0,
    469.0,
    440.0,
    321.0,
    584.0,
    525.0,
    570.0,
    201.0,
    577.0,
    477.0,
    348.0,
    619.0,
    494.0,
    639.0,
    434.0,
    574.0,
    404.0,
    428.0,
    579.0,
    483.0,
    648.0,
    672.0
  ],
  "diffhz_log": [
    [
      10000,
      0.0,
      7.119109746156482e-09
    ],
    [
      20000,
      0.0,
      5.640516942406748e-09
    ],
    [
      30000,
      0.0,
      6.377074868169075e-09
    ],
    [
      40000,
      0.0,
      4.564495448278194e-09
    ],
    [
      50000,
      0.002,
      0.0025169355794787407
    ],
    [
      60000,
      0.0395,
      0.039730846881866455
    ],
    [
      70000,
      0.085,
      0.08542799949645996
    ],
    [
      80000,
      0.113,
      0.11350192129611969
    ],
    [
      90000,
      0.1125,
      0.11297114193439484
    ],
    [
      100000,
      0.1485,
      0.1489124894142151
    ]
  ],
  "lambda_log": [
    [
      999,
      0.0
    ],
    [
      1999,
      0.0
    ],
    [
      2999,
      0.0
    ],
    [
      3999,
      0.0
    ],
    [
      4999,
      0.0
    ],
    [
      5999,
      0.0
    ],
    [
      6999,
      0.0
    ],
    [
      7999,
      0.0
    ],
    [
      8999,
      0.0
    ],
    [
      9999,
      0.0
    ],
    [
      10999,
      0.0
    ],
    [
      11999,
      0.0
    ],
    [
      12999,
      0.0
    ],
    [
      13999,
      0.0
    ],
    [
      14999,
      0.0
    ],
    [
      15999,
      0.0
    ],
    [
      16999,
      0.0
    ],
    [
      17999,
      0.0
    ],
    [
      18999,
      0.0
    ],
    [
      19999,
      0.0
    ],
    [
      20999,
      0.0
    ],
    [
      21999,
      0.0
    ],
    [
      22999,
      0.0
    ],
    [
      23999,
      0.0
    ],
    [
      24999,
      0.0
    ],
    [
      25999,
      0.0
    ],
    [
      26999,
      0.0
    ],
    [
      27999,
      0.0
    ],
    [
      28999,
      0.0
    ],
    [
      29999,
      0.0
    ],
    [
      30999,
      0.0
    ],
    [
      31999,
      0.0
    ],
    [
      32999,
      0.0
    ],
    [
      33999,
      0.0
    ],
    [
      34999,
      0.0
    ],
    [
      35999,
      0.0
    ],
    [
      36999,
      0.0
    ],
    [
      37999,
      0.0
    ],
    [
      38999,
      0.0
    ],
    [
      39999,
      0.0
    ],
    [
      40999,
      0.0
    ],
    [
      41999,
      0.0
    ],
    [
      42999,
      0.0
    ],
    [
      43999,
      0.0
    ],
    [
      44999,
      0.0
    ],
    [
      45999,
      0.0
    ],
    [
      46999,
      0.0
    ],
    [
      47999,
      0.0
    ],
    [
      48999,
      0.0
    ],
    [
      49999,
      0.0
    ],
    [
      50999,
      0.0
    ],
    [
      51999,
      0.0
    ],
    [
      52999,
      0.0
    ],
    [
      53999,
      0.0
    ],
    [
      54999,
      0.0
    ],
    [
      55999,
      0.0
    ],
    [
      56999,
      0.0
    ],
    [
      57999,
      0.0
    ],
    [
      58999,
      0.0
    ],
    [
      59999,
      0.0
    ],
    [
      60999,
      0.0
    ],
    [
      61999,
      0.0
    ],
    [
      62999,
      0.0
    ],
    [
      63999,
      0.0
    ],
    [
      64999,
      0.0
    ],
    [
      65999,
      0.0
    ],
    [
      66999,
      0.0
    ],
    [
      67999,
      0.0
    ],
    [
      68999,
      0.0
    ],
    [
      69999,
      0.0
    ],
    [
      70999,
      0.0
    ],
    [
      71999,
      0.0
    ],
    [
      72999,
      0.0
    ],
    [
      73999,
      0.0
    ],
    [
      74999,
      0.0
    ],
    [
      75999,
      0.0
    ],
    [
      76999,
      0.0
    ],
    [
      77999,
      0.0
    ],
    [
      78999,
      0.0
    ],
    [
      79999,
      0.0
    ],
    [
      80999,
      0.0
    ],
    [
      81999,
      0.0
    ],
    [
      82999,
      0.0
    ],
    [
      83999,
      0.0
    ],
    [
      84999,
      0.0
    ],
    [
      85999,
      0.0
    ],
    [
      86999,
      0.0
    ],
    [
      87999,
      0.0
    ],
    [
      88999,
      0.0
    ],
    [
      89999,
      0.0
    ],
    [
      90999,
      0.0
    ],
    [
      91999,
      0.0
    ],
    [
      92999,
      0.0
    ],
    [
      93999,
      0.0
    ],
    [
      94999,
      0.0
    ],
    [
      95999,
      0.0
    ],
    [
      96999,
      0.0
    ],
    [
      97999,
      0.0
    ],
    [
      98999,
      0.0
    ],
    [
      99999,
      0.0
    ]
  ],
  "seed": 42,
  "env_name": "cheetah-run-v0",
  "use_rare_buffer": false,
  "use_lagrangian": false,
  "velocity_threshold": 7.0,
  "total_steps": 100001,
  "complete": true
}