{
  "episode_rewards": [
    4.966326487426528,
    5.072340421452022,
    6.913559036598321,
    3.929022289308648,
    4.230878960086643,
    4.3939796698493785,
    6.528249365961654,
    8.753758331600308,
    5.59611308050945,
    6.8616671616308444,
    2.7299707762329732,
    8.053982622297665,
    5.538100640123466,
    16.731139975319902,
    26.426860211248112,
    61.05305352846644,
    141.27550585691017,
    100.72711073752528,
    45.493088640486675,
    79.42957641192368,
    67.2411064916408,
    25.295624955824923,
    226.75688190446743,
    31.20605566423473,
    118.86824563186086,
    51.241970428890674,
    66.96001680841752,
    62.70454265981439,
    285.89714937495535,
    60.197467978015474,
    92.47436251869712,
    298.49697949639125,
    295.5236529973439,
    317.67206763299697,
    309.88974688492465,
    307.91257793689687,
    336.37707628892116,
    370.53371148781923,
    390.96084645157424,
    388.63367573328713,
    405.2599181236097,
    429.38411417626753,
    446.3189533984698,
    434.66668272923727,
    476.0063343024369,
    460.7511816600565,
    462.0431810107761,
    465.60846306373867,
    518.8932494451269,
    525.9372377272485,
    446.92771316805187,
    468.8354257601633,
    488.5933031211129,
    493.91819700729195,
    505.5858772688628,
    509.7483381346755,
    504.3439326720199,
    512.6372282737108,
    523.7040840875042,
    515.6988475540974,
    528.5072447050924,
    532.3330310816986,
    534.2168447545212,
    529.5133275617451,
    521.644387753915,
    527.4020107115252,
    542.8755890804385,
    536.1390995537666,
    526.3121338803824,
    535.8813258354211,
    539.5058285318023,
    544.4097698227309,
    549.8371130943373,
    556.3738161368713,
    553.3103123683367,
    544.4123087132668,
    542.6300849482842,
    549.6705503544479,
    554.6453340027037,
    553.4002200913742,
    555.2227785779902,
    562.169136083559,
    560.9729335854619,
    555.0542623836732,
    564.5952295869321,
    560.4144285892193,
    569.2301844861204,
    566.7640579883829,
    566.594172537913,
    575.6013904733375,
    573.8446988193941,
    584.432880397375,
    572.0951281226434,
    577.2821254477044,
    572.8521555474862,
    574.4898946528573,
    578.5221892736408,
    579.4166422355917,
    576.6775543197513,
    576.4309862752896
  ],
  "episode_costs": [
    0.0,
    0.0,
    0.0,
    0.0,
    0.0,
    0.0,
    0.0,
    0.0,
    0.0,
    0.0,
    0.0,
    0.0,
    0.0,
    0.0,
    0.0,
    0.0,
    0.0,
    0.0,
    0.0,
    0.0,
    0.0,
    0.0,
    0.0,
    0.0,
    0.0,
    0.0,
    0.0,
    0.0,
    0.0,
    0.0,
    0.0,
    0.0,
    0.0,
    0.0,
    0.0,
    0.0,
    0.0,
    0.0,
    0.0,
    0.0,
    0.0,
    0.0,
    0.0,
    2.0,
    11.0,
    0.0,
    1.0,
    11.0,
    78.0,
    121.0,
    0.0,
    0.0,
    0.0,
    0.0,
    0.0,
    9.0,
    1.0,
    5.0,
    10.0,
    1.0,
    8.0,
    10.0,
    2.0,
    5.0,
    1.0,
    1.0,
    12.0,
    0.0,
    0.0,
    0.0,
    11.0,
    3.0,
    8.0,
    15.0,
    0.0,
    0.0,
    0.0,
    2.0,
    3.0,
    3.0,
    1.0,
    16.0,
    4.0,
    2.0,
    1.0,
    2.0,
    3.0,
    6.0,
    1.0,
    2.0,
    11.0,
    25.0,
    7.0,
    4.0,
    1.0,
    2.0,
    14.0,
    0.0,
    4.0,
    2.0
  ],
  "diffhz_log": [
    [
      10000,
      0.0,
      7.119109746156482e-09
    ],
    [
      20000,
      0.0,
      5.640516942406748e-09
    ],
    [
      30000,
      0.0,
      6.377074868169075e-09
    ],
    [
      40000,
      0.0,
      4.564495448278194e-09
    ],
    [
      50000,
      0.0035,
      0.004034378100186586
    ],
    [
      60000,
      0.0045,
      0.004862464964389801
    ],
    [
      70000,
      0.003,
      0.003515786724165082
    ],
    [
      80000,
      0.004,
      0.004562102258205414
    ],
    [
      90000,
      0.004,
      0.004427087027579546
    ],
    [
      100000,
      0.004,
      0.004523604176938534
    ]
  ],
  "lambda_log": [
    [
      999,
      0.0
    ],
    [
      1999,
      0.0
    ],
    [
      2999,
      0.0
    ],
    [
      3999,
      0.0
    ],
    [
      4999,
      0.0
    ],
    [
      5999,
      0.0
    ],
    [
      6999,
      0.0
    ],
    [
      7999,
      0.0
    ],
    [
      8999,
      0.0
    ],
    [
      9999,
      0.0
    ],
    [
      10999,
      0.0
    ],
    [
      11999,
      0.0
    ],
    [
      12999,
      0.0
    ],
    [
      13999,
      0.0
    ],
    [
      14999,
      0.0
    ],
    [
      15999,
      0.0
    ],
    [
      16999,
      0.0
    ],
    [
      17999,
      0.0
    ],
    [
      18999,
      0.0
    ],
    [
      19999,
      0.0
    ],
    [
      20999,
      0.0
    ],
    [
      21999,
      0.0
    ],
    [
      22999,
      0.0
    ],
    [
      23999,
      0.0
    ],
    [
      24999,
      0.0
    ],
    [
      25999,
      0.0
    ],
    [
      26999,
      0.0
    ],
    [
      27999,
      0.0
    ],
    [
      28999,
      0.0
    ],
    [
      29999,
      0.0
    ],
    [
      30999,
      0.0
    ],
    [
      31999,
      0.0
    ],
    [
      32999,
      0.0
    ],
    [
      33999,
      0.0
    ],
    [
      34999,
      0.0
    ],
    [
      35999,
      0.0
    ],
    [
      36999,
      0.0
    ],
    [
      37999,
      0.0
    ],
    [
      38999,
      0.0
    ],
    [
      39999,
      0.0
    ],
    [
      40999,
      0.0
    ],
    [
      41999,
      0.0
    ],
    [
      42999,
      0.0
    ],
    [
      43999,
      0.0
    ],
    [
      44999,
      0.0
    ],
    [
      45999,
      0.09
    ],
    [
      46999,
      0.06999999999999999
    ],
    [
      47999,
      0.05999999999999999
    ],
    [
      48999,
      0.15
    ],
    [
      49999,
      0.91
    ],
    [
      50999,
      2.1
    ],
    [
      51999,
      2.08
    ],
    [
      52999,
      2.06
    ],
    [
      53999,
      2.04
    ],
    [
      54999,
      2.02
    ],
    [
      55999,
      2.0
    ],
    [
      56999,
      2.07
    ],
    [
      57999,
      2.06
    ],
    [
      58999,
      2.09
    ],
    [
      59999,
      2.17
    ],
    [
      60999,
      2.16
    ],
    [
      61999,
      2.22
    ],
    [
      62999,
      2.3000000000000003
    ],
    [
      63999,
      2.3000000000000003
    ],
    [
      64999,
      2.33
    ],
    [
      65999,
      2.3200000000000003
    ],
    [
      66999,
      2.3100000000000005
    ],
    [
      67999,
      2.4100000000000006
    ],
    [
      68999,
      2.3900000000000006
    ],
    [
      69999,
      2.3700000000000006
    ],
    [
      70999,
      2.3500000000000005
    ],
    [
      71999,
      2.4400000000000004
    ],
    [
      72999,
      2.45
    ],
    [
      73999,
      2.5100000000000002
    ],
    [
      74999,
      2.64
    ],
    [
      75999,
      2.62
    ],
    [
      76999,
      2.6
    ],
    [
      77999,
      2.58
    ],
    [
      78999,
      2.58
    ],
    [
      79999,
      2.59
    ],
    [
      80999,
      2.5999999999999996
    ],
    [
      81999,
      2.59
    ],
    [
      82999,
      2.73
    ],
    [
      83999,
      2.75
    ],
    [
      84999,
      2.75
    ],
    [
      85999,
      2.74
    ],
    [
      86999,
      2.74
    ],
    [
      87999,
      2.75
    ],
    [
      88999,
      2.79
    ],
    [
      89999,
      2.7800000000000002
    ],
    [
      90999,
      2.7800000000000002
    ],
    [
      91999,
      2.87
    ],
    [
      92999,
      3.1
    ],
    [
      93999,
      3.15
    ],
    [
      94999,
      3.17
    ],
    [
      95999,
      3.16
    ],
    [
      96999,
      3.16
    ],
    [
      97999,
      3.2800000000000002
    ],
    [
      98999,
      3.2600000000000002
    ],
    [
      99999,
      3.2800000000000002
    ]
  ],
  "seed": 42,
  "env_name": "cheetah-run-v0",
  "use_rare_buffer": false,
  "use_lagrangian": true,