{
  "episode_rewards": [
    1.7912140175076603,
    1.9105741956291977,
    3.4859407056921268,
    2.8518845722947423,
    4.708483028360106,
    2.6667044088871483,
    2.95221948301284,
    4.829665647169069,
    4.818067204803216,
    5.547650564654991,
    3.864466342271087,
    5.925337254627861,
    4.4620457312908535,
    7.174101528864259,
    12.007349844671234,
    37.48966913991567,
    67.84933114804097,
    30.2149995303893,
    66.28539525179572,
    77.18339329866144,
    73.61290401739224,
    53.2858343812293,
    249.8440720286147,
    277.94848120316965,
    309.6193285929636,
    351.7974393738789,
    80.61031976621986,
    400.7680955741984,
    357.4389817872741,
    368.83709693681294,
    445.56508914332136,
    323.76684787611623,
    178.54640185615284,
    483.25324437309143,
    505.0068046954864,
    511.44304591640184,
    501.8813609105957,
    514.0451258896524,
    495.6708783408768,
    516.9830636076614,
    510.97201551947404,
    527.6631800725522,
    518.7054592972924,
    518.5875042059171,
    526.4133420775327,
    540.0433920678843,
    519.8747999119463,
    515.5216426227206,
    503.68981144502476,
    500.9349912514041,
    516.1005744427183,
    537.9099128861898,
    526.1751190154966,
    538.1566795917922,
    520.110435763064,
    540.6936786818401,
    548.8300035744867,
    550.6935420696935,
    535.0155309542852,
    526.0952854635456,
    549.175118595041,
    522.4814319000247,
    555.2455943516557,
    551.1288273225737,
    542.1916154258543,
    544.5435694490386,
    551.6003371285285,
    558.9482367075723,
    547.682608233332,
    556.9133204653454,
    552.4076717820836,
    563.4387628072546,
    524.2886766961119,
    549.7283742384944,
    566.8228881162927,
    568.2907634769365,
    563.7772523222161,
    564.2719783242006,
    577.3713197247693,
    561.8591405724482,
    559.2651569722125,
    564.9626370089366,
    578.3939981159058,
    575.538335233986,
    569.2659137664548,
    568.4862668942501,
    572.6519052267096,
    585.6563530589544,
    577.2348788123062,
    580.5726986077188,
    587.198441680308,
    559.3217637165609,
    589.3704451728495,
    584.1322551845819,
    560.512555256293,
    584.7765943541478,
    578.9088703795145,
    579.6670385076087,
    581.6341444654923,
    577.98006565244
  ],
  "episode_costs": [
    0.0,
    0.0,
    0.0,
    0.0,
    0.0,
    0.0,
    0.0,
    0.0,
    0.0,
    0.0,
    0.0,
    0.0,
    0.0,
    0.0,
    0.0,
    0.0,
    0.0,
    0.0,
    0.0,
    0.0,
    0.0,
    0.0,
    0.0,
    0.0,
    0.0,
    0.0,
    0.0,
    0.0,
    0.0,
    0.0,
    1.0,
    0.0,
    2.0,
    33.0,
    44.0,
    38.0,
    4.0,
    2.0,
    2.0,
    11.0,
    2.0,
    5.0,
    7.0,
    8.0,
    3.0,
    12.0,
    3.0,
    36.0,
    0.0,
    0.0,
    2.0,
    0.0,
    1.0,
    8.0,
    11.0,
    8.0,
    10.0,
    14.0,
    2.0,
    0.0,
    5.0,
    21.0,
    1.0,
    0.0,
    0.0,
    7.0,
    11.0,
    0.0,
    0.0,
    17.0,
    7.0,
    8.0,
    3.0,
    2.0,
    1.0,
    0.0,
    0.0,
    3.0,
    9.0,
    8.0,
    0.0,
    3.0,
    3.0,
    7.0,
    2.0,
    2.0,
    1.0,
    25.0,
    0.0,
    0.0,
    2.0,
    3.0,
    4.0,
    3.0,
    0.0,
    2.0,
    1.0,
    0.0,
    8.0,
    3.0
  ],
  "diffhz_log": [
    [
      10000,
      0.0,
      6.008761488374148e-09
    ],
    [
      20000,
      0.0,
      4.845790435581421e-09
    ],
    [
      30000,
      0.0,
      4.7271049297137324e-09
    ],
    [
      40000,
      0.0065,
      0.006948229856789112
    ],
    [
      50000,
      0.007,
      0.007546321954578161
    ],
    [
      60000,
      0.009,
      0.009563654661178589
    ],
    [
      70000,
      0.004,
      0.004560365807265043
    ],
    [
      80000,
      0.01,
      0.010356849990785122
    ],
    [
      90000,
      0.004,
      0.004484687000513077
    ],
    [
      100000,
      0.0105,
      0.011014395393431187
    ]
  ],
  "lambda_log": [
    [
      999,
      0.0
    ],
    [
      1999,
      0.0
    ],
    [
      2999,
      0.0
    ],
    [
      3999,
      0.0
    ],
    [
      4999,
      0.0
    ],
    [
      5999,
      0.0
    ],
    [
      6999,
      0.0
    ],
    [
      7999,
      0.0
    ],
    [
      8999,
      0.0
    ],
    [
      9999,
      0.0
    ],
    [
      10999,
      0.0
    ],
    [
      11999,
      0.0
    ],
    [
      12999,
      0.0
    ],
    [
      13999,
      0.0
    ],
    [
      14999,
      0.0
    ],
    [
      15999,
      0.0
    ],
    [
      16999,
      0.0
    ],
    [
      17999,
      0.0
    ],
    [
      18999,
      0.0
    ],
    [
      19999,
      0.0
    ],
    [
      20999,
      0.0
    ],
    [
      21999,
      0.0
    ],
    [
      22999,
      0.0
    ],
    [
      23999,
      0.0
    ],
    [
      24999,
      0.0
    ],
    [
      25999,
      0.0
    ],
    [
      26999,
      0.0
    ],
    [
      27999,
      0.0
    ],
    [
      28999,
      0.0
    ],
    [
      29999,
      0.0
    ],
    [
      30999,
      0.0
    ],
    [
      31999,
      0.0
    ],
    [
      32999,
      0.0
    ],
    [
      33999,
      0.0
    ],
    [
      34999,
      0.31
    ],
    [
      35999,
      0.73
    ],
    [
      36999,
      1.0899999999999999
    ],
    [
      37999,
      1.1099999999999999
    ],
    [
      38999,
      1.1099999999999999
    ],
    [
      39999,
      1.1099999999999999
    ],
    [
      40999,
      1.2
    ],
    [
      41999,
      1.2
    ],
    [
      42999,
      1.23
    ],
    [
      43999,
      1.28
    ],
    [
      44999,
      1.34
    ],
    [
      45999,
      1.35
    ],
    [
      46999,
      1.4500000000000002
    ],
    [
      47999,
      1.4600000000000002
    ],
    [
      48999,
      1.8000000000000003
    ],
    [
      49999,
      1.7800000000000002
    ],
    [
      50999,
      1.7600000000000002
    ],
    [
      51999,
      1.7600000000000002
    ],
    [
      52999,
      1.7400000000000002
    ],
    [
      53999,
      1.7300000000000002
    ],
    [
      54999,
      1.7900000000000003
    ],
    [
      55999,
      1.8800000000000003
    ],
    [
      56999,
      1.9400000000000004
    ],
    [
      57999,
      2.0200000000000005
    ],
    [
      58999,
      2.1400000000000006
    ],
    [
      59999,
      2.1400000000000006
    ],
    [
      60999,
      2.1200000000000006
    ],
    [
      61999,
      2.1500000000000004
    ],
    [
      62999,
      2.3400000000000003
    ],
    [
      63999,
      2.3300000000000005
    ],
    [
      64999,
      2.3100000000000005
    ],
    [
      65999,
      2.2900000000000005
    ],
    [
      66999,
      2.3400000000000003
    ],
    [
      67999,
      2.43
    ],
    [
      68999,
      2.41
    ],
    [
      69999,
      2.39
    ],
    [
      70999,
      2.54
    ],
    [
      71999,
      2.59
    ],
    [
      72999,
      2.65
    ],
    [
      73999,
      2.6599999999999997
    ],
    [
      74999,
      2.6599999999999997
    ],
    [
      75999,
      2.65
    ],
    [
      76999,
      2.63
    ],
    [
      77999,
      2.61
    ],
    [
      78999,
      2.6199999999999997
    ],
    [
      79999,
      2.6899999999999995
    ],
    [
      80999,
      2.7499999999999996
    ],
    [
      81999,
      2.7299999999999995
    ],
    [
      82999,
      2.7399999999999993
    ],
    [
      83999,
      2.749999999999999
    ],
    [
      84999,
      2.799999999999999
    ],
    [
      85999,
      2.799999999999999
    ],
    [
      86999,
      2.799999999999999
    ],
    [
      87999,
      2.789999999999999
    ],
    [
      88999,
      3.019999999999999
    ],
    [
      89999,
      2.999999999999999
    ],
    [
      90999,
      2.979999999999999
    ],
    [
      91999,
      2.979999999999999
    ],
    [
      92999,
      2.989999999999999
    ],
    [
      93999,
      3.009999999999999
    ],
    [
