{
  "episode_rewards": [
    5.781568561898443,
    4.6505872319323265,
    5.710338464873156,
    4.891113934867333,
    2.1319613232803607,
    5.9616657808663,
    3.6076654860348976,
    6.443550968328627,
    2.746005699833817,
    4.802654962769375,
    3.740193835540426,
    4.32830515099242,
    6.422158407037112,
    5.450237883411013,
    16.598799055127145,
    38.647376751289556,
    79.93980200106179,
    94.55166913516462,
    59.85678454392822,
    174.24178752325886,
    60.57013622998723,
    231.9778723956773,
    35.566304054105764,
    272.43287000853917,
    138.21922484125596,
    76.15420043240479,
    222.60635712386568,
    22.642941045552345,
    53.27541621605599,
    56.51811754828751,
    338.7114086241331,
    201.52949794171914,
    105.02658712580458,
    363.24219108998756,
    182.47787247672758,
    178.88163937519323,
    214.18638230424241,
    315.2812567163514,
    386.82019941283437,
    194.31084914108212,
    384.99761623579275,
    380.3303507623724,
    441.8295527651466,
    392.1355680634567,
    459.01387592191645,
    423.8717189688588,
    459.3467460128351,
    462.76517826464476,
    492.4293994345785,
    446.24064574814713,
    464.71516509829155,
    509.5201621084811,
    518.6520495230908,
    507.44197066613174,
    502.68271652597736,
    514.8525129426745,
    513.4029265410983,
    517.6192864529733,
    521.3878368104206,
    527.6982413671467,
    521.2575052706983,
    526.7277279572613,
    507.27815294686746,
    528.5035801027409,
    518.0918015117297,
    536.7558816084281,
    535.1193550063133,
    545.2706154651878,
    510.07077371472525,
    540.497375478889,
    551.6654574632298,
    541.9981547267545,
    559.1268949247791,
    555.4090462705498,
    556.5978934154451,
    565.4020403064214,
    559.2138569708403,
    554.4308925174631,
    553.444688152006,
    534.3996782131235,
    540.3389671778461,
    552.0846028985717,
    558.0117433509926,
    562.3994351556744,
    554.7242667601507,
    570.2699993207451,
    558.9768076904029,
    556.3218442946072,
    568.3709322322636,
    551.4351290420824,
    560.7158089308446,
    558.5494584285302,
    560.3515155373137,
    566.9977703196538,
    554.5310932645666,
    574.2378925447794,
    566.6493177329096,
    561.5071005913358,
    564.244725182423,
    576.9822330452346
  ],
  "episode_costs": [
    0.0,
    0.0,
    0.0,
    0.0,
    0.0,
    0.0,
    0.0,
    0.0,
    0.0,
    0.0,
    0.0,
    0.0,
    0.0,
    0.0,
    0.0,
    0.0,
    0.0,
    0.0,
    0.0,
    0.0,
    0.0,
    0.0,
    0.0,
    0.0,
    0.0,
    0.0,
    0.0,
    0.0,
    0.0,
    0.0,
    0.0,
    0.0,
    0.0,
    0.0,
    0.0,
    1.0,
    0.0,
    2.0,
    0.0,
    0.0,
    0.0,
    0.0,
    8.0,
    0.0,
    3.0,
    0.0,
    4.0,
    5.0,
    32.0,
    18.0,
    18.0,
    50.0,
    23.0,
    2.0,
    10.0,
    4.0,
    1.0,
    2.0,
    4.0,
    4.0,
    0.0,
    1.0,
    0.0,
    0.0,
    0.0,
    3.0,
    2.0,
    3.0,
    3.0,
    0.0,
    12.0,
    5.0,
    18.0,
    12.0,
    9.0,
    25.0,
    9.0,
    11.0,
    9.0,
    5.0,
    12.0,
    8.0,
    5.0,
    8.0,
    2.0,
    13.0,
    6.0,
    2.0,
    2.0,
    9.0,
    4.0,
    1.0,
    3.0,
    4.0,
    7.0,
    2.0,
    5.0,
    0.0,
    0.0,
    1.0
  ],
  "diffhz_log": [
    [
      10000,
      0.0,
      6.464341506529081e-09
    ],
    [
      20000,
      0.0,
      4.817480636631899e-09
    ],
    [
      30000,
      0.0,
      5.999512886489811e-09
    ],
    [
      40000,
      0.0,
      0.0006820045528002083
    ],
    [
      50000,
      0.004,
      0.004460042808204889
    ],
    [
      60000,
      0.0055,
      0.005830924957990646
    ],
    [
      70000,
      0.0015,
      0.0021025557070970535
    ],
    [
      80000,
      0.0065,
      0.006972437724471092
    ],
    [
      90000,
      0.006,
      0.006529069039970636
    ],
    [
      100000,
      0.0045,
      0.0050249043852090836
    ]
  ],
  "lambda_log": [
    [
      999,
      0.0
    ],
    [
      1999,
      0.0
    ],
    [
      2999,
      0.0
    ],
    [
      3999,
      0.0
    ],
    [
      4999,
      0.0
    ],
    [
      5999,
      0.0
    ],
    [
      6999,
      0.0
    ],
    [
      7999,
      0.0
    ],
    [
      8999,
      0.0
    ],
    [
      9999,
      0.0
    ],
    [
      10999,
      0.0
    ],
    [
      11999,
      0.0
    ],
    [
      12999,
      0.0
    ],
    [
      13999,
      0.0
    ],
    [
      14999,
      0.0
    ],
    [
      15999,
      0.0
    ],
    [
      16999,
      0.0
    ],
    [
      17999,
      0.0
    ],
    [
      18999,
      0.0
    ],
    [
      19999,
      0.0
    ],
    [
      20999,
      0.0
    ],
    [
      21999,
      0.0
    ],
    [
      22999,
      0.0
    ],
    [
      23999,
      0.0
    ],
    [
      24999,
      0.0
    ],
    [
      25999,
      0.0
    ],
    [
      26999,
      0.0
    ],
    [
      27999,
      0.0
    ],
    [
      28999,
      0.0
    ],
    [
      29999,
      0.0
    ],
    [
      30999,
      0.0
    ],
    [
      31999,
      0.0
    ],
    [
      32999,
      0.0
    ],
    [
      33999,
      0.0
    ],
    [
      34999,
      0.0
    ],
    [
      35999,
      0.0
    ],
    [
      36999,
      0.0
    ],
    [
      37999,
      0.0
    ],
    [
      38999,
      0.0
    ],
    [
      39999,
      0.0
    ],
    [
      40999,
      0.0
    ],
    [
      41999,
      0.0
    ],
    [
      42999,
      0.0
    ],
    [
      43999,
      0.06
    ],
    [
      44999,
      0.039999999999999994
    ],
    [
      45999,
      0.049999999999999996
    ],
    [
      46999,
      0.029999999999999995
    ],
    [
      47999,
      0.049999999999999996
    ],
    [
      48999,
      0.07999999999999999
    ],
    [
      49999,
      0.38
    ],
    [
      50999,
      0.54
    ],
    [
      51999,
      0.7000000000000001
    ],
    [
      52999,
      1.1800000000000002
    ],
    [
      53999,
      1.3900000000000001
    ],
    [
      54999,
      1.3900000000000001
    ],
    [
      55999,
      1.4700000000000002
    ],
    [
      56999,
      1.4900000000000002
    ],
    [
      57999,
      1.4800000000000002
    ],
    [
      58999,
      1.4800000000000002
    ],
    [
      59999,
      1.5000000000000002
    ],
    [
      60999,
      1.5200000000000002
    ],
    [
      61999,
      1.5000000000000002
    ],
    [
      62999,
      1.4900000000000002
    ],
    [
      63999,
      1.4700000000000002
    ],
    [
      64999,
      1.4500000000000002
    ],
    [
      65999,
      1.4300000000000002
    ],
    [
      66999,
      1.4400000000000002
    ],
    [
      67999,
      1.4400000000000002
    ],
    [
      68999,
      1.4500000000000002
    ],
    [
      69999,
      1.4600000000000002
    ],
    [
      70999,
      1.4400000000000002
    ],
    [
      71999,
      1.5400000000000003
    ],
    [
      72999,
      1.5700000000000003
    ],
    [
      73999,
      1.7300000000000002
    ],
    [
      74999,
      1.8300000000000003
    ],
    [
      75999,
      1.9000000000000004
    ],
    [
      76999,
      2.1300000000000003
    ],
    [
      77999,
      2.2
    ],
    [
      78999,
      2.29
    ],
    [
      79999,
      2.36
    ],
    [
      80999,
      2.3899999999999997
    ],
    [
      81999,
      2.4899999999999998
    ],
    [
      82999,
      2.55
    ],
    [
      83999,
      2.5799999999999996
    ],
    [
      84999,
      2.6399999999999997
    ],
    [
      85999,
      2.6399999999999997
    ],
    [
      86999,
      2.7499999999999996
    ],
    [
      87999,
      2.7899999999999996
    ],
    [
      88999,
      2.7899999999999996
    ],
    [
      89999,
      2.7899999999999996
    ],
    [
      90999,
      2.8599999999999994
    ],
    [
      91999,
      2.8799999999999994
    ],
    [
      92999,
      2.8699999999999997
    ],
    [
