{
  "episode_rewards": [
    1.7912140175076603,
    1.9105741956291977,
    3.4859407056921268,
    2.8518845722947423,
    4.708483028360106,
    9.808322005047948,
    2.786877885914457,
    5.931221902365912,
    6.348866344631449,
    3.2918090574441687,
    7.509138417510872,
    7.190803966921299,
    14.761151981809094,
    12.087805529058011,
    9.90544139236855,
    10.932175310126093,
    7.760011481522478,
    16.440024105542744,
    31.790547090907506,
    30.39656631651293,
    53.01725778778465,
    62.18378246052191,
    71.3670373244,
    66.28598021304535,
    46.95137725818483,
    54.760883888789586,
    55.58136175030282,
    68.63938300825352,
    76.26266038806355,
    38.95133793674026,
    69.53331900755879,
    47.798296907146025,
    11.5890267294231,
    29.869291271695914,
    90.3249402327767,
    11.557667035057756,
    48.13017591382296,
    123.78862694814948,
    108.2273898049855,
    134.9688278966629,
    18.69637760731971,
    131.04868706058772,
    128.7827352953959,
    135.09939173664927,
    170.94946908668425,
    163.2139141407094,
    164.9830599062675,
    176.16643734006584,
    112.63184127252732,
    177.26657122415705,
    144.5847932041958,
    100.6106535114657,
    218.13368786209548,
    166.2142060083864,
    196.35102233195371,
    110.45581352166425,
    189.8324583513246,
    211.05662418695675,
    216.93115759414925,
    149.46643461778393,
    168.10624046169002,
    239.43864777837322,
    214.1465931709232,
    84.86518713353584,
    97.41892652552062,
    249.8918871923968,
    294.482729974437,
    115.09225193761296,
    84.72818720540158,
    81.9472659236597,
    292.72067566463505,
    171.5412380448613,
    308.68149351513966,
    116.19092917374114,
    302.5658644765957,
    179.13732768121824,
    178.54074803834413,
    115.78965347208398,
    258.7213019392669,
    305.13062124530916,
    334.3139562193226,
    133.43532272068302,
    115.35492857449086,
    33.05367847614507,
    95.80378850059022,
    303.2917889782084,
    362.87613870750715,
    342.22110288406157,
    341.1750168016125,
    353.3312185432095,
    349.3509198787296,
    351.5133456484017,
    76.57791318550701,
    324.35971480087915,
    333.10068895851316,
    321.40126029500226,
    349.0903691599578,
    332.88783729485124,
    367.5667577244449,
    381.67656413780105
  ],
  "episode_costs": [
    0.0,
    0.0,
    0.0,
    0.0,
    0.0,
    0.0,
    0.0,
    0.0,
    0.0,
    0.0,
    0.0,
    0.0,
    0.0,
    0.0,
    0.0,
    0.0,
    0.0,
    0.0,
    0.0,
    0.0,
    0.0,
    0.0,
    0.0,
    0.0,
    0.0,
    0.0,
    0.0,
    0.0,
    0.0,
    0.0,
    0.0,
    0.0,
    0.0,
    0.0,
    0.0,
    0.0,
    0.0,
    0.0,
    0.0,
    0.0,
    0.0,
    0.0,
    0.0,
    0.0,
    0.0,
    0.0,
    0.0,
    0.0,
    0.0,
    0.0,
    0.0,
    0.0,
    0.0,
    0.0,
    0.0,
    0.0,
    0.0,
    0.0,
    0.0,
    0.0,
    0.0,
    0.0,
    0.0,
    0.0,
    0.0,
    0.0,
    0.0,
    0.0,
    0.0,
    0.0,
    0.0,
    0.0,
    0.0,
    0.0,
    0.0,
    0.0,
    0.0,
    0.0,
    0.0,
    0.0,
    0.0,
    0.0,
    0.0,
    0.0,
    0.0,
    0.0,
    0.0,
    0.0,
    0.0,
    0.0,
    0.0,
    0.0,
    0.0,
    0.0,
    0.0,
    0.0,
    0.0,
    0.0,
    0.0,
    0.0
  ],
  "diffhz_log": [],
  "lambda_log": [
    [
      999,
      0.0
    ],
    [
      1999,
      0.0
    ],
    [
      2999,
      0.0
    ],
    [
      3999,
      0.0
    ],
    [
      4999,
      0.0
    ],
    [
      5999,
      0.0
    ],
    [
      6999,
      0.0
    ],
    [
      7999,
      0.0
    ],
    [
      8999,
      0.0
    ],
    [
      9999,
      0.0
    ],
    [
      10999,
      0.0
    ],
    [
      11999,
      0.0
    ],
    [
      12999,
      0.0
    ],
    [
      13999,
      0.0
    ],
    [
      14999,
      0.0
    ],
    [
      15999,
      0.0
    ],
    [
      16999,
      0.0
    ],
    [
      17999,
      0.0
    ],
    [
      18999,
      0.0
    ],
    [
      19999,
      0.0
    ],
    [
      20999,
      0.0
    ],
    [
      21999,
      0.0
    ],
    [
      22999,
      0.0
    ],
    [
      23999,
      0.0
    ],
    [
      24999,
      0.0
    ],
    [
      25999,
      0.0
    ],
    [
      26999,
      0.0
    ],
    [
      27999,
      0.0
    ],
    [
      28999,
      0.0
    ],
    [
      29999,
      0.0
    ],
    [
      30999,
      0.0
    ],
    [
      31999,
      0.0
    ],
    [
      32999,
      0.0
    ],
    [
      33999,
      0.0
    ],
    [
      34999,
      0.0
    ],
    [
      35999,
      0.0
    ],
    [
      36999,
      0.0
    ],
    [
      37999,
      0.0
    ],
    [
      38999,
      0.0
    ],
    [
      39999,
      0.0
    ],
    [
      40999,
      0.0
    ],
    [
      41999,
      0.0
    ],
    [
      42999,
      0.0
    ],
    [
      43999,
      0.0
    ],
    [
      44999,
      0.0
    ],
    [
      45999,
      0.0
    ],
    [
      46999,
      0.0
    ],
    [
      47999,
      0.0
    ],
    [
      48999,
      0.0
    ],
    [
      49999,
      0.0
    ],
    [
      50999,
      0.0
    ],
    [
      51999,
      0.0
    ],
    [
      52999,
      0.0
    ],
    [
      53999,
      0.0
    ],
    [
      54999,
      0.0
    ],
    [
      55999,
      0.0
    ],
    [
      56999,
      0.0
    ],
    [
      57999,
      0.0
    ],
    [
      58999,
      0.0
    ],
    [
      59999,
      0.0
    ],
    [
      60999,
      0.0
    ],
    [
      61999,
      0.0
    ],
    [
      62999,
      0.0
    ],
    [
      63999,
      0.0
    ],
    [
      64999,
      0.0
    ],
    [
      65999,
      0.0
    ],
    [
      66999,
      0.0
    ],
    [
      67999,
      0.0
    ],
    [
      68999,
      0.0
    ],
    [
      69999,
      0.0
    ],
    [
      70999,
      0.0
    ],
    [
      71999,
      0.0
    ],
    [
      72999,
      0.0
    ],
    [
      73999,
      0.0
    ],
    [
      74999,
      0.0
    ],
    [
      75999,
      0.0
    ],
    [
      76999,
      0.0
    ],
    [
      77999,
      0.0
    ],
    [
      78999,
      0.0
    ],
    [
      79999,
      0.0
    ],
    [
      80999,
      0.0
    ],
    [
      81999,
      0.0
    ],
    [
      82999,
      0.0
    ],
    [
      83999,
      0.0
    ],
    [
      84999,
      0.0
    ],
    [
      85999,
      0.0
    ],
    [
      86999,
      0.0
    ],
    [
      87999,
      0.0
    ],
    [
      88999,
      0.0
    ],
    [
      89999,
      0.0
    ],
    [
      90999,
      0.0
    ],
    [
      91999,
      0.0
    ],
    [
      92999,
      0.0
    ],
    [
      93999,
      0.0
    ],
    [
      94999,
      0.0
    ],
    [
      95999,
      0.0
    ],
    [
      96999,
      0.0
    ],
    [
      97999,
      0.0
    ],
    [
      98999,
      0.0
    ],
    [
      99999,
      0.0
    ]
  ],
  "seed": 456,
  "env_name": "cheetah-run-v0",
  "use_rare_buffer": false,
  "use_lagrangian": false,
  "velocity_threshold": 7.0,
  "total_steps": 100001,
  "complete": true
}