{
  "episode_rewards": [
    4.966326487426528,
    5.072340421452022,
    6.913559036598321,
    3.929022289308648,
    4.230878960086643,
    3.49600362213251,
    5.010238530037918,
    5.1489996943993805,
    6.062704605306186,
    5.305257207168381,
    6.553704055573811,
    5.343794574786317,
    13.707525361749438,
    8.17887328211009,
    26.441178632683393,
    9.045275103451552,
    19.067259437322004,
    39.503093190864895,
    41.35667574700473,
    60.030276698876065,
    42.87497959667367,
    19.401429452112623,
    36.12476285700944,
    49.65544491210108,
    90.76913798569441,
    67.27339219857251,
    26.01572608747755,
    83.57461905114671,
    47.38482845198435,
    57.0577591692128,
    30.815437642398482,
    39.58864364605047,
    85.41626640732737,
    24.53467860637116,
    33.32421488735822,
    67.98348522576197,
    52.648312616771385,
    46.50186966911408,
    66.29956179150899,
    53.26333739574761,
    42.99906901019817,
    146.80934627987895,
    102.18654413608179,
    179.15422141451853,
    42.83661322722578,
    53.44925994111603,
    99.4537522884334,
    30.063916764328358,
    65.79203511821213,
    56.28628529596679,
    127.17393714948757,
    94.95082889435542,
    56.64160301701235,
    109.47722260795979,
    65.08184527915219,
    144.5788547724661,
    130.8817714267223,
    257.8717973383592,
    115.21296334995554,
    262.1717705054358,
    252.40415048827833,
    240.11265873383476,
    258.0771358199237,
    214.04336684525123,
    184.62545750108404,
    217.02191326850703,
    68.30684672302475,
    188.93326909191785,
    249.63683399717274,
    137.6761419859962,
    274.0689305132643,
    228.28042304178393,
    246.60677900179417,
    111.7500693132712,
    120.69637620242023,
    122.34362677962221,
    85.32848580894839,
    201.60378896249705,
    151.49213242318837,
    82.21931726719046,
    153.08330841280727,
    204.23072829728727,
    147.8865294011015,
    283.68372048197915,
    303.72897635795687,
    305.6761016279332,
    314.81253975014755,
    295.73347163476905,
    298.19155639826346,
    316.1804838583324,
    291.9684269974513,
    323.4683682139388,
    312.40030598345805,
    288.3702887550586,
    145.00897886871175,
    111.3447282232027,
    309.0528456489159,
    306.26306257069695,
    300.92922171414637,
    327.12827715164445
  ],
  "episode_costs": [
    0.0,
    0.0,
    0.0,
    0.0,
    0.0,
    0.0,
    0.0,
    0.0,
    0.0,
    0.0,
    0.0,
    0.0,
    0.0,
    0.0,
    0.0,
    0.0,
    0.0,
    0.0,
    0.0,
    0.0,
    0.0,
    0.0,
    0.0,
    0.0,
    0.0,
    0.0,
    0.0,
    0.0,
    0.0,
    0.0,
    0.0,
    0.0,
    0.0,
    0.0,
    0.0,
    0.0,
    0.0,
    0.0,
    0.0,
    0.0,
    0.0,
    0.0,
    0.0,
    0.0,
    0.0,
    0.0,
    0.0,
    0.0,
    0.0,
    0.0,
    0.0,
    0.0,
    0.0,
    0.0,
    0.0,
    0.0,
    0.0,
    0.0,
    0.0,
    0.0,
    0.0,
    0.0,
    0.0,
    0.0,
    0.0,
    0.0,
    0.0,
    0.0,
    0.0,
    0.0,
    0.0,
    0.0,
    0.0,
    0.0,
    0.0,
    0.0,
    0.0,
    0.0,
    0.0,
    0.0,
    0.0,
    0.0,
    0.0,
    0.0,
    0.0,
    0.0,
    0.0,
    0.0,
    0.0,
    0.0,
    0.0,
    0.0,
    0.0,
    0.0,
    0.0,
    0.0,
    0.0,
    0.0,
    0.0,
    0.0
  ],
  "diffhz_log": [],
  "lambda_log": [
    [
      999,
      0.0
    ],
    [
      1999,
      0.0
    ],
    [
      2999,
      0.0
    ],
    [
      3999,
      0.0
    ],
    [
      4999,
      0.0
    ],
    [
      5999,
      0.0
    ],
    [
      6999,
      0.0
    ],
    [
      7999,
      0.0
    ],
    [
      8999,
      0.0
    ],
    [
      9999,
      0.0
    ],
    [
      10999,
      0.0
    ],
    [
      11999,
      0.0
    ],
    [
      12999,
      0.0
    ],
    [
      13999,
      0.0
    ],
    [
      14999,
      0.0
    ],
    [
      15999,
      0.0
    ],
    [
      16999,
      0.0
    ],
    [
      17999,
      0.0
    ],
    [
      18999,
      0.0
    ],
    [
      19999,
      0.0
    ],
    [
      20999,
      0.0
    ],
    [
      21999,
      0.0
    ],
    [
      22999,
      0.0
    ],
    [
      23999,
      0.0
    ],
    [
      24999,
      0.0
    ],
    [
      25999,
      0.0
    ],
    [
      26999,
      0.0
    ],
    [
      27999,
      0.0
    ],
    [
      28999,
      0.0
    ],
    [
      29999,
      0.0
    ],
    [
      30999,
      0.0
    ],
    [
      31999,
      0.0
    ],
    [
      32999,
      0.0
    ],
    [
      33999,
      0.0
    ],
    [
      34999,
      0.0
    ],
    [
      35999,
      0.0
    ],
    [
      36999,
      0.0
    ],
    [
      37999,
      0.0
    ],
    [
      38999,
      0.0
    ],
    [
      39999,
      0.0
    ],
    [
      40999,
      0.0
    ],
    [
      41999,
      0.0
    ],
    [
      42999,
      0.0
    ],
    [
      43999,
      0.0
    ],
    [
      44999,
      0.0
    ],
    [
      45999,
      0.0
    ],
    [
      46999,
      0.0
    ],
    [
      47999,
      0.0
    ],
    [
      48999,
      0.0
    ],
    [
      49999,
      0.0
    ],
    [
      50999,
      0.0
    ],
    [
      51999,
      0.0
    ],
    [
      52999,
      0.0
    ],
    [
      53999,
      0.0
    ],
    [
      54999,
      0.0
    ],
    [
      55999,
      0.0
    ],
    [
      56999,
      0.0
    ],
    [
      57999,
      0.0
    ],
    [
      58999,
      0.0
    ],
    [
      59999,
      0.0
    ],
    [
      60999,
      0.0
    ],
    [
      61999,
      0.0
    ],
    [
      62999,
      0.0
    ],
    [
      63999,
      0.0
    ],
    [
      64999,
      0.0
    ],
    [
      65999,
      0.0
    ],
    [
      66999,
      0.0
    ],
    [
      67999,
      0.0
    ],
    [
      68999,
      0.0
    ],
    [
      69999,
      0.0
    ],
    [
      70999,
      0.0
    ],
    [
      71999,
      0.0
    ],
    [
      72999,
      0.0
    ],
    [
      73999,
      0.0
    ],
    [
      74999,
      0.0
    ],
    [
      75999,
      0.0
    ],
    [
      76999,
      0.0
    ],
    [
      77999,
      0.0
    ],
    [
      78999,
      0.0
    ],
    [
      79999,
      0.0
    ],
    [
      80999,
      0.0
    ],
    [
      81999,
      0.0
    ],
    [
      82999,
      0.0
    ],
    [
      83999,
      0.0
    ],
    [
      84999,
      0.0
    ],
    [
      85999,
      0.0
    ],
    [
      86999,
      0.0
    ],
    [
      87999,
      0.0
    ],
    [
      88999,
      0.0
    ],
    [
      89999,
      0.0
    ],
    [
      90999,
      0.0
    ],
    [
      91999,
      0.0
    ],
    [
      92999,
      0.0
    ],
    [
      93999,
      0.0
    ],
    [
      94999,
      0.0
    ],
    [
      95999,
      0.0
    ],
    [
      96999,
      0.0
    ],
    [
      97999,
      0.0
    ],
    [
      98999,
      0.0
    ],
    [
      99999,
      0.0
    ]
  ],
  "seed": 42,
  "env_name": "cheetah-run-v0",
  "use_rare_buffer": false,
  "use_lagrangian": false,
  "velocity_threshold": 7.0,
  "total_steps": 100001,
  "complete": true
}