{
  "episode_rewards": [
    5.781568561898443,
    4.6505872319323265,
    5.710338464873156,
    4.891113934867333,
    2.1319613232803607,
    3.5847697221654196,
    1.9612076231935907,
    5.2502603889014265,
    3.1299886447693104,
    4.768561965898119,
    5.2138898413183945,
    2.446034037436739,
    6.630523369216462,
    6.77989667281815,
    14.72759370188595,
    5.238940294257414,
    15.941554450373726,
    30.956138555872457,
    38.36461615973512,
    46.50813183794488,
    36.47105794982257,
    30.585111880982968,
    34.608943754287836,
    35.87590465765725,
    35.66504377342325,
    28.448822576698095,
    75.27065339169268,
    53.862390276952915,
    14.950186242212148,
    24.624413659378387,
    70.87078218093409,
    53.17366421351334,
    41.133196959932725,
    33.51515225320859,
    98.70962202519668,
    85.25127493482975,
    90.12697826045991,
    98.49137606210262,
    27.02808138625041,
    111.300784914568,
    34.31658686265736,
    41.33394388720554,
    84.47251105694544,
    44.096364239853244,
    53.52234905259323,
    48.0508176216985,
    106.48989144761447,
    103.60796223192241,
    144.0881499749295,
    42.05614547192094,
    141.515445128717,
    119.67712555419455,
    82.81637822124014,
    154.12311402971775,
    203.2409707230442,
    158.87940464344453,
    59.893120939932416,
    37.75742167734133,
    179.35915742733695,
    214.51048878117226,
    33.59403356881763,
    193.5037877281388,
    191.48007152389022,
    206.48483121129144,
    228.84214373955774,
    39.98267197102388,
    76.18304501613466,
    250.5222327203513,
    45.23166658571579,
    92.94620448150454,
    168.4738485453928,
    215.43253116793335,
    110.71129368426102,
    221.72711979089144,
    76.24322760426108,
    95.83049690763085,
    129.5214193857473,
    241.02385908913922,
    264.53193565073093,
    269.11112487295014,
    162.78015525469516,
    133.12299716052922,
    57.86833195330342,
    219.24120245044116,
    91.01405559942948,
    321.64705889688554,
    269.0947099428626,
    57.304743352297734,
    240.0350261486752,
    168.187697891111,
    280.25761463532535,
    338.70939177747266,
    362.95418031538173,
    57.64455994909875,
    188.1116970268856,
    358.21560491283617,
    295.79266103867053,
    316.8276621841182,
    340.46162363532636,
    296.1451852238759
  ],
  "episode_costs": [
    0.0,
    0.0,
    0.0,
    0.0,
    0.0,
    0.0,
    0.0,
    0.0,
    0.0,
    0.0,
    0.0,
    0.0,
    0.0,
    0.0,
    0.0,
    0.0,
    0.0,
    0.0,
    0.0,
    0.0,
    0.0,
    0.0,
    0.0,
    0.0,
    0.0,
    0.0,
    0.0,
    0.0,
    0.0,
    0.0,
    0.0,
    0.0,
    0.0,
    0.0,
    0.0,
    0.0,
    0.0,
    0.0,
    0.0,
    0.0,
    0.0,
    0.0,
    0.0,
    0.0,
    0.0,
    0.0,
    0.0,
    0.0,
    0.0,
    0.0,
    0.0,
    0.0,
    0.0,
    0.0,
    0.0,
    0.0,
    0.0,
    0.0,
    0.0,
    0.0,
    0.0,
    0.0,
    0.0,
    0.0,
    0.0,
    0.0,
    0.0,
    0.0,
    0.0,
    0.0,
    0.0,
    0.0,
    0.0,
    0.0,
    0.0,
    0.0,
    0.0,
    0.0,
    0.0,
    0.0,
    0.0,
    0.0,
    0.0,
    0.0,
    0.0,
    0.0,
    0.0,
    0.0,
    0.0,
    0.0,
    0.0,
    0.0,
    0.0,
    0.0,
    0.0,
    0.0,
    0.0,
    0.0,
    0.0,
    0.0
  ],
  "diffhz_log": [],
  "lambda_log": [
    [
      999,
      0.0
    ],
    [
      1999,
      0.0
    ],
    [
      2999,
      0.0
    ],
    [
      3999,
      0.0
    ],
    [
      4999,
      0.0
    ],
    [
      5999,
      0.0
    ],
    [
      6999,
      0.0
    ],
    [
      7999,
      0.0
    ],
    [
      8999,
      0.0
    ],
    [
      9999,
      0.0
    ],
    [
      10999,
      0.0
    ],
    [
      11999,
      0.0
    ],
    [
      12999,
      0.0
    ],
    [
      13999,
      0.0
    ],
    [
      14999,
      0.0
    ],
    [
      15999,
      0.0
    ],
    [
      16999,
      0.0
    ],
    [
      17999,
      0.0
    ],
    [
      18999,
      0.0
    ],
    [
      19999,
      0.0
    ],
    [
      20999,
      0.0
    ],
    [
      21999,
      0.0
    ],
    [
      22999,
      0.0
    ],
    [
      23999,
      0.0
    ],
    [
      24999,
      0.0
    ],
    [
      25999,
      0.0
    ],
    [
      26999,
      0.0
    ],
    [
      27999,
      0.0
    ],
    [
      28999,
      0.0
    ],
    [
      29999,
      0.0
    ],
    [
      30999,
      0.0
    ],
    [
      31999,
      0.0
    ],
    [
      32999,
      0.0
    ],
    [
      33999,
      0.0
    ],
    [
      34999,
      0.0
    ],
    [
      35999,
      0.0
    ],
    [
      36999,
      0.0
    ],
    [
      37999,
      0.0
    ],
    [
      38999,
      0.0
    ],
    [
      39999,
      0.0
    ],
    [
      40999,
      0.0
    ],
    [
      41999,
      0.0
    ],
    [
      42999,
      0.0
    ],
    [
      43999,
      0.0
    ],
    [
      44999,
      0.0
    ],
    [
      45999,
      0.0
    ],
    [
      46999,
      0.0
    ],
    [
      47999,
      0.0
    ],
    [
      48999,
      0.0
    ],
    [
      49999,
      0.0
    ],
    [
      50999,
      0.0
    ],
    [
      51999,
      0.0
    ],
    [
      52999,
      0.0
    ],
    [
      53999,
      0.0
    ],
    [
      54999,
      0.0
    ],
    [
      55999,
      0.0
    ],
    [
      56999,
      0.0
    ],
    [
      57999,
      0.0
    ],
    [
      58999,
      0.0
    ],
    [
      59999,
      0.0
    ],
    [
      60999,
      0.0
    ],
    [
      61999,
      0.0
    ],
    [
      62999,
      0.0
    ],
    [
      63999,
      0.0
    ],
    [
      64999,
      0.0
    ],
    [
      65999,
      0.0
    ],
    [
      66999,
      0.0
    ],
    [
      67999,
      0.0
    ],
    [
      68999,
      0.0
    ],
    [
      69999,
      0.0
    ],
    [
      70999,
      0.0
    ],
    [
      71999,
      0.0
    ],
    [
      72999,
      0.0
    ],
    [
      73999,
      0.0
    ],
    [
      74999,
      0.0
    ],
    [
      75999,
      0.0
    ],
    [
      76999,
      0.0
    ],
    [
      77999,
      0.0
    ],
    [
      78999,
      0.0
    ],
    [
      79999,
      0.0
    ],
    [
      80999,
      0.0
    ],
    [
      81999,
      0.0
    ],
    [
      82999,
      0.0
    ],
    [
      83999,
      0.0
    ],
    [
      84999,
      0.0
    ],
    [
      85999,
      0.0
    ],
    [
      86999,
      0.0
    ],
    [
      87999,
      0.0
    ],
    [
      88999,
      0.0
    ],
    [
      89999,
      0.0
    ],
    [
      90999,
      0.0
    ],
    [
      91999,
      0.0
    ],
    [
      92999,
      0.0
    ],
    [
      93999,
      0.0
    ],
    [
      94999,
      0.0
    ],
    [
      95999,
      0.0
    ],
    [
      96999,
      0.0
    ],
    [
      97999,
      0.0
    ],
    [
      98999,
      0.0
    ],
    [
      99999,
      0.0
    ]
  ],
  "seed": 123,
  "env_name": "cheetah-run-v0",
  "use_rare_buffer": false,
  "use_lagrangian": false,
  "velocity_threshold": 7.0,
  "total_steps": 100001,
  "complete": true
}